TestName,TestClass,Execution,ExecutionType,Browser,BrowserVersion,OS,OSVersion
VideoPlayer,com.nbcd.Test.TCVideoPlayer_VerifyEndCardsRefactor_7333,No,Chrome,Chrome,64,Windows,7
ShowHomePage_043VerifyTwitterTags,com.nbcd.Test.TCShowHomePage_043VerifyTwitterTags_DBB_3079,No,Grid,Chrome,64,Windows,7
FaceBook Tags,com.nbcd.Test.TCShowHomePage_043VerifyFaceBookTags_DBB_3078,No,Grid,Chrome,64,Windows,7
ShowHomePage_043VerifyFaceBook_SNLTags,com.nbcd.Test.TCShowHomePage_043VerifyFaceBook_SNLTags_DBB_3078,No,Grid,Chrome,64,Windows,7
ShowHome_VerifyThe300x250_Display_Ad,com.nbcd.Test.TCShowHomePage_Verify_300_250_Display_Ad_DBB_3679,No,Grid,Chrome,64,Windows,7
ShowHome_Verifymetatags,com.nbcd.Test.TCShowHomePage_VerifymetaTags_DBB_3087,No,Grid,Chrome,64,Windows,7
ShowHome_VerifyFilter,com.nbcd.Test.TCShowHomePage_Verify_Filter_DBB_3687,No,Grid,Chrome,64,Windows,7
ShowHome_Verify_Show_Name,com.nbcd.Test.TCShowHomePage_Verify_Show_Name_NBCRESP_793,No,Grid,Chrome,64,Windows,7
ShowHome_Verify_Dynamic_Lead_Slide,com.nbcd.Test.TCShowHomePage_Verify_Dynamic_Lead_Slide_NBCRESP_1163,No,Grid,Chrome,64,Windows,7
ShowHomePage,com.nbcd.Test.TCShowHomePage_VerifyNoBodyAd_NBCRESP_3690,No,Grid,Chrome,64,Windows,7
ShowHome_Verify_About_The_Show,com.nbcd.Test.TCShowHomePage_Verify_About_The_Show_NBCRESP_1573,No,Grid,Chrome,64,Windows,7
ShowHomePage,com.nbcd.Test.TCShowHomePage_VerifyClipssectionisabovefullepisodessectionforLatenighshows_NBCRESP783,No,Grid,Chrome,64,Windows,7
ShowHome_Verify_Latest_Clips_Section,com.nbcd.Test.TCShowHomePage_Verify_Latest_Clips_Section_DBB_3059,No,Grid,Chrome,64,Windows,7
ShowHome_Verify_full_Episode_section,com.nbcd.Test.TCShowHomePage_Verify_full_Episode_section_DBB_3058,No,Grid,Chrome,64,Windows,7
ShowHome_Verify_Ad_Banner,com.nbcd.Test.TCShowHomePage_Verify_Ad_Banner_DBB_3062,No,Grid,Chrome,64,Windows,7
ShowHome_Verify_Add_Guest_Schedule,com.nbcd.Test.TCShowHomePage_Verify_Add_Guest_Schedule_DBB_3689,No,Grid,Chrome,64,Windows,7
ShowHome_Verify_Description_Canonical,com.nbcd.Test.TCShowHomePage_Verify_Description_Canonical_DBB_3686,No,Grid,Chrome,64,Windows,7
ShowHomePage,com.nbcd.Test.TCShowHomePage_Verify_feature_Section_metadata_NBCRESP_812,No,Grid,Chrome,64,Windows,7
ShowHomePage,com.nbcd.Test.TCShowHomePage2_Showhomepage_Featuregif_3707,No,Grid,Chrome,64,Windows,7
ShowHomePage,com.nbcd.Test.TCShowHomePage_Verify_Meta_Tag_for_Apple_NBCRESP_1012,No,Grid,Chrome,64,Windows,7
ShowHomePage,com.nbcd.Test.TCShowHomePage_Verify_Archived_Shows_NBCRESP_1970,No,Grid,Chrome,64,Windows,7
ShowHome_Verify_Responsive_Navigation_Bar,com.nbcd.Test.TCShowHomePage_Verify_Responsive_Navigation_Bar_DBB_3060,No,Grid,Chrome,64,Windows,7
ShowHome_Verify_Responsive_Navigation_Bar,com.nbcd.Test.TCShowHomePage_VerifyClipsFilter_showhomepage,No,Grid,Chrome,64,Windows,7
ShowHome_Verify_About_Section,com.nbcd.Test.TCShowHomePage_Verify_About_Section_NBCRESP_804,No,Grid,Chrome,64,Windows,7
ShowHomePage,com.nbcd.Test.TCShowHomePage_VerifyMoreBtn_NBCRESP_1573,No,Grid,Chrome,64,Windows,7
ShowHomePage,com.nbcd.Test.TCShowHomePage_VerifyelementsofPredictiveTextInputFieldanditsBehaviorsinVODpage_NBCRESP3627,No,Grid,Chrome,64,Windows,7
ShowHomePage,com.nbcd.Test.TCShowHomePage_VerifywhetherclipsareplayedinHereticsite_NBCRESP3831,No,Grid,Chrome,64,Windows,7
ShowHomePage,com.nbcd.Test.TCShowHomePage_Verify_DLS_3680,No,Grid,Chrome,64,Windows,7
ShowHomePage,com.nbcd.Test.TCShowHomePage_VerifyNONPlayerExperienceforEpisode_NBCRESP3809,No,Grid,Chrome,64,Windows,7
ShowHomePage,com.nbcd.Test.TCShowVideoDetailPage_VerifySchema_org_VideoCarousels_3685,No,Grid,Chrome,64,Windows,7
ShowHomePage,com.nbcd.Test.TCShowVideoDetailPage_VerifySchema_org_BroadcastEvent_3080,No,Grid,Chrome,64,Windows,7
ShowHomePage,com.nbcd.Test.TCShowHomePage_VerifyFeatureMosaicSection_NBCRESP_3688,No,Grid,Chrome,64,Windows,7
Schedule_Verify_Watch_Live_Now,com.nbcd.Test.TCSchedulePage_Verify_Watch_Live_Now_NBCRESP_1956,No,Grid,Chrome,64,Windows,7
Schedule_Show Name Links,com.nbcd.Test.TCSchedulePage_Verify_Show_Name_Link_NBCRESP_1213,No,Grid,Chrome,64,Windows,7
Schedule_Visit_Site_Link,com.nbcd.Test.TCSchedulePage_Verify_visitSiteLink_NBCRESP_1957,No,Grid,Chrome,64,Windows,7
Schedule_Verify_SchedulePage_Timeline,com.nbcd.Test.TCSchedulePage_Verify_SchedulePage_Timeline_DBB_3815,No,Grid,Chrome,64,Windows,7
Schedule,com.nbcd.Test.TCSchedulePage_Verify_Schedule_Page_Appending_url_NBCRESP_1054,No,Grid,Chrome,64,Windows,7
Schedule,com.nbcd.Test.TCSchedulePage_Verify_NBCRESP_3663,No,Grid,Chrome,64,Windows,7
Schedule,com.nbcd.Test.TCSchedulePage_Verify_Schedule_titledesccanocical,No,Grid,Chrome,64,Windows,7
Schedule_Verify_Schedule_Section_Page,com.nbcd.Test.TCSchedulePage_Verify_Schedule_Section_NBCRESP_856,No,Grid,Chrome,64,Windows,7
Schedule_Verify_Schedule_Section_Page_Title,com.nbcd.Test.TCSchedulePage_Verify_Schedule_Page_Titile_DBB_3821,No,Grid,Chrome,64,Windows,7
Schedule_Verify_Schedule_Section_Header_Navigation,com.nbcd.Test.TCSchedulePage_Verify_Schedule_Header_Navigation_DBB_3826,No,Grid,Chrome,64,Windows,7
Schedule_Verify_Schedule_Page_Whats_On_Header,com.nbcd.Test.TCSchedulePage_Verify_Schedule_Whats_On_Page_DBB_3813,No,Grid,Chrome,64,Windows,7
Schedule_Verify_Schedule_Page_Watch_Live_Show,com.nbcd.Test.TCSchedulePage_Verify_Schedule_Page_Watch_Live_Show_NBCRESP_1956,No,Grid,Chrome,64,Windows,7
AllVideosPage_redirect_rules,com.nbcd.Test.TCAllVideosPage_redirect_rules_DBB_3761,No,Grid,Chrome,64,Windows,7
AllVideosPage_Metadata_Enhancements,com.nbcd.Test.TCAllVideosPage_Metadata_Enhancements_DBB_3727,No,Grid,Chrome,64,Windows,7
AllVideosPage_Episodes_Sorted,com.nbcd.Test.TCAllVideosPage_Episodes_Sorted_NBCRESP_1438,No,Grid,Chrome,64,Windows,7
AllVideosPage_Video_Detail_Page,com.nbcd.Test.TCAllVideosPage_video_detail_page_DBB_3056,No,Grid,Chrome,64,Windows,7
AllVideosPage_Video_Detail_Page,com.nbcd.Test.TCAllVideosPage_Verify_Episodespage_Topbanner_DBB_3732,No,Grid,Chrome,64,Windows,7
AllVideosPage_All_video_Landing_Page,com.nbcd.Test.TCAllVideosPage_All_Videos_Landing_Page_3798,No,Grid,Chrome,64,Windows,7
AllVideosPage_Meta -Tag for apple,com.nbcd.Test.TCAllVideosPage_Meta_tag_NBCRESP_1012,No,Grid,Chrome,64,Windows,7
CreditLandingPage_Verify_As_Character,com.nbcd.Test.TCCreditLandingPage_Verify_Credit_Role_As_Character_NBCRESP_1312,No,Grid,Chrome,64,Windows,7
CreditLandingPage_Verify_As_Coach,com.nbcd.Test.TCCreditLandingPage_Verify_Credit_Role_As_Coach_NBCRESP_1341,No,Grid,Chrome,64,Windows,7
CreditLandingPage_Verify_As_Contestant,com.nbcd.Test.TCCreditLandingPage_Verify_Credit_Role_As_Contestant_NBCRESP_1312,No,Grid,Chrome,64,Windows,7
CreditLandingPage_Verify_As_Contestant,com.nbcd.Test.TCCreditLandingPage_Verify_Credit_Role_as_OtherThanCoachorContestant_NBCRESP_1341,No,Grid,Chrome,64,Windows,7
CreditDetails_Character,com.nbcd.Test.TCCreditDetailsPage_Verify_Credit_Role_As_Character_NBCRESP_1303,No,Grid,Chrome,64,Windows,7
CreditDetails,com.nbcd.Test.TCCreditDetailsPage_Verify_Credit_Role_as_Contestant_NBCRESP_1307,No,Grid,Chrome,64,Windows,7
CreditDetails_Everyone,com.nbcd.Test.TCCreditDetailsPage_Verify_Credit_Role_As_Everyone_NBCRESP_1304,No,Grid,Chrome,64,Windows,7
ShowInnerEpisodePage_BodyAd,com.nbcd.Test.TCShowInnerEpisode_BodyAd_NBCRESP_1065,No,Grid,Chrome,64,Windows,7
ShowInnerEpisodePage_RespNavBar,com.nbcd.Test.TCShowInnerEpisode_RespNavBar_NBCRESP_1075,No,Grid,Chrome,64,Windows,7
ShowinnerPage,com.nbcd.Test.TCShowInnerEpisode_Seasonimagemeta_NBCRESP_1082,No,Grid,Chrome,64,Windows,7
ShowinnerPage,com.nbcd.Test.TCShowInnerEpisode_LoadMore_NBCRESP_1344,No,Grid,Chrome,64,Windows,7
ShowinnerPage,com.nbcd.Test.TCShowInnerEpisode_OgTweet_NBCRESP_1073,No,Grid,Chrome,64,Windows,7
ShowinnerPage,com.nbcd.Test.TCShowInnerEpisode_titledescan_NBCRESP_1078,No,Grid,Chrome,64,Windows,7
ShowinnerPage,com.nbcd.Test.TCShowInnerEpisode_applinks_NBCRESP_2259,No,Grid,Chrome,64,Windows,7
ShowinnerPage,com.nbcd.Test.TCShowInnerEpisode_schemaorgs_NBCRESP_1080,No,Grid,Chrome,64,Windows,7
ShowinnerPage,com.nbcd.Test.TCShowInnerEpisode_eptitledescan_NBCRESP_1078,No,Grid,Chrome,64,Windows,7
ShowinnerPage,com.nbcd.Test.TCShowInnerEpisode_seo_NBCRESP_1081,No,Grid,Chrome,64,Windows,7
ShowinnerPage,com.nbcd.Test.TCShowInnerEpisode_ehsf_NBCRESP_1067,No,Grid,Chrome,64,Windows,7
ShowinnerPage,com.nbcd.Test.TCShowInnerEpisode_availablenav,No,Grid,Chrome,64,Windows,7
ShowinnerPage,com.nbcd.Test.TCShowInnerEpisode_urlredirect_NBCRESP_1066,No,Grid,Chrome,64,Windows,7
ShowinnerPage,com.nbcd.Test.TCShowInnerEpisode_Bannerad_NBCRESP_1063,No,Grid,Chrome,64,Windows,7
ShowinnerPage,com.nbcd.Test.TCShowInnerEpisode_sorryvideo,No,Grid,Chrome,64,Windows,7
TVE_LiveVod,com.nbcd.Test.TCTVE_Livepagetve,No,Grid,Chrome,64,Windows,7
TVE_AuthVod,com.nbcd.Test.TCTVE_Authvod,No,Grid,Chrome,64,Windows,7
Global_Showhome_Page_Clips,com.nbcd.Test.TCGlobalHomePage_BodyAd_NBCRESP_8,No,Grid,Chrome,64,Windows,7
Global_Showhome_Page_Clips,com.nbcd.Test.TCGlobalHomePage_BannerAd_NBCRESP_15,No,Grid,Chrome,64,Windows,7
Global_Showhome_Page_Clips,com.nbcd.Test.TCGlobalHomePage_Global_Footerlinks_Nav,No,Grid,Chrome,64,Windows,7
GlobalHomepageTitledescriptioncanonical,com.nbcd.Test.TCGlobalHomePage_titledescan_NBCRESP_1,No,Grid,Chrome,64,Windows,7
Global_Showhome_Page,com.nbcd.Test.TCGlobalHomePage_GlobalShowhomePage_NBCRESP_19,No,Grid,Chrome,64,Windows,7
Global_Showhome_Page,com.nbcd.Test.TCGlobalHomePage_GlobalHomepage_apple_1012,No,Grid,Chrome,64,Windows,7
Global_Showhome_Page_Clips,com.nbcd.Test.TCGlobalHomePage_Global_Showhome_Page_Clips_NBCRESP_1654,No,Grid,Chrome,64,Windows,7
ContactUs,com.nbcd.Test.TCContactUsPage_ErrorMessageValidation_1567,Yes,Chrome,Chrome,64,Windows,7
ContactUs,com.nbcd.Test.TCCreateContactUsRequestIhaveFeedback_1567,Yes,Grid,Chrome,64,Windows,7
ContactUs,com.nbcd.Test.TCContactVerifySelectTopicListItems_1842,Yes,Grid,Chrome,64,Windows,7
ContactUs,com.nbcd.Test.TCContactUs_CreateContactUsRequest_1528,Yes,Grid,Chrome,64,Windows,7
AppsLandingPage,com.nbcd.Test.TCAppsLandingPage_VerifyAppsLandingPage,No,Grid,Chrome,64,Windows,7
AllShowPage,com.nbcd.Test.TCAllShowsPage_VerifyAllShowPageFunctionality_2275,No,Grid,Chrome,64,Windows,7
AllShowPage,com.nbcd.Test.TCAllShowsPage_VerifyAllShowPageThrowback_2275,No,Grid,Chrome,64,Windows,7
LivePage,com.nbcd.Test.TCLivePage_VerifyLivestreampageSupportedregion_1729,No,Grid,Chrome,64,Windows,7
LivePage,com.nbcd.Test.TCLivePage_VerifyAuthSuccessMsgMVPDNBCRESP_1754,No,Grid,Chrome,64,Windows,7
LivePage,com.nbcd.Test.TCLivePage_VerifyAuthFrameDetails_1874,No,Grid,Chrome,64,Windows,7
LivePage,com.nbcd.Test.TCLivePage_VerifyMVPDListPicker_1875,No,Grid,Chrome,64,Windows,7
LivePage,com.nbcd.Test.TCLivePage_VerifyPostSuccessMsgFadeOut_2106,No,Grid,Chrome,64,Windows,7
LivePage,com.nbcd.Test.TCLivePage_VerifyExternalPageAuthFlowMVPD_1874,No,Grid,Chrome,64,Windows,7
LivePage,com.nbcd.Test.TCLivePage_VerifyLiveStreamNavigationForLoggedUer_1873,No,Grid,Chrome,64,Windows,7
LivePage,com.nbcd.Test.TCLivePage_VerifyNavigationLiveStreamNotAuthenticated_1873,No,Grid,Chrome,64,Windows,7
LivePage,com.nbcd.Test.TCLivePage_VerifyLiveStreamGeneralLayOut_1752,No,Grid,Chrome,64,Windows,7
LivePage,com.nbcd.Test.TCLivePage_VerifyAuthIFrameLayOutDirectTV_2095,No,Grid,Chrome,64,Windows,7
LivePage,com.nbcd.Test.TCLivePage_VerifyFullListViewLayOut_2093,No,Grid,Chrome,64,Windows,7
LivePage,com.nbcd.Test.TCLivePage_VerifyScrollSizeForVODPage_2093,No,Grid,Chrome,64,Windows,7
LivePage,com.nbcd.Test.TCLivePage_VerifyFullListViewLayOutVOD_2093,No,Grid,Chrome,64,Windows,7
LivePage,com.nbcd.Test.TCLivePage_VerifyOneResultEnterButton_2093,No,Grid,Chrome,64,Windows,7
LivePage,com.nbcd.Test.TCLivePage_Livepage_Authkill,No,Grid,Chrome,64,Windows,7
LivePage,com.nbcd.Test.TCLivePage_VerifyRolloverbehavoir_navigationusingarrowkeysPredictiveText_NBCRESP2106,No,Grid,Chrome,64,Windows,7
LivePage,com.nbcd.Test.TCLivePage_Livepage_navelement_5488,No,Grid,Chrome,64,Windows,7
ActivationPage,com.nbcd.Test.TCActivationPage_VerifyInvalidAndValidData_2598,No,Grid,Chrome,64,Windows,7
ActivationPage,com.nbcd.Test.TCActivationPage_VerifyGeneralLayout_2607,No,Grid,Chrome,64,Windows,7
ActivationPage,com.nbcd.Test.TCActivationPage_VerifyErrorMessageInvalidcode_2613,No,Grid,Chrome,64,Windows,7
ActivationPage,com.nbcd.Test.TCActivationPage_TCActivationPage_VerifySucessPage_2751,No,Grid,Chrome,64,Windows,7
ACTIVATEPAGE,com.nbcd.Test.TCActivationPage_VerifyErrorMessageInvalidcodeAlphabetic_2613,No,Grid,Chrome,64,Windows,7
test,com.nbcd.Test.TCActivationPage_VerifyErrorMessageInvalidcodeAlphaNumeric_2613,No,Grid,Chrome,64,Windows,7
ActivationPage,com.nbcd.Test.TCActivationPage_VerifySucessPageCheckMark_2751,No,Grid,Chrome,64,Windows,7
ShowVideoDetailPage,com.nbcd.Test.TCShowVideoDetailPage_VerifyVideoDetailPageOpened,No,Chrome,Chrome,64,Windows,7
ShowVideoDetailPage,com.nbcd.Test.TCShowVideoDetailPage_VerifyVideosSeasonlistSorting_3100,No,Chrome,Chrome,64,Windows,7
ShowVideoDetailPage,com.nbcd.Test.TCShowVideoDetailPage_VerifyMetatagsmartlink_2557,No,Chrome,Chrome,64,Windows,7
ShowVideoDetailPage,com.nbcd.Test.TCShowVideoDetailPage_VerifySNLEpisode_3101,No,Chrome,Chrome,64,Windows,7
ShowVideoDetailPage,com.nbcd.Test.TCShowVideoDetailPage_VerifyEarliestairdatetolatestairdate_3100,No,Chrome,Chrome,64,Windows,7
ShowVideoDetailPage,com.nbcd.Test.TCShowVideoDetailPage_LoadButtonNextSixVideos_3527,No,Chrome,Chrome,64,Windows,7
ShowVideoDetailPage,com.nbcd.Test.TCShowVideoDetailPage_VerifyAppearingSectionVideo_3591,No,Chrome,Chrome,64,Windows,7
ShowVideoDetailPage,com.nbcd.Test.TCShowVideoDetailPage_VerifyMetadataENoEpisodeClip_3578,No,Chrome,Chrome,64,Windows,7
ShowVideoDetailPage,com.nbcd.Test.TCShowVideoDetailPage_VerifyMetaDataCopyrightInfoDisplay_3577,No,Chrome,Chrome,64,Windows,7
ShowVideoDetailPage,com.nbcd.Test.TCShowVideoDetailPage_VerifySeasonsSortingforClassicVideos_3105,No,Chrome,Chrome,64,Windows,7
ShowVideoDetailPage,com.nbcd.Test.TCShowVideoDetailPage_VerifyDisplayofShowsinAlphabeticalOrder_3579,No,Chrome,Chrome,64,Windows,7
ShowVideoDetailPage,com.nbcd.Test.TCShowVideoDetailPage_VerifyAuthKeyIcon_1920,No,Chrome,Chrome,64,Windows,7
ShowVideoDetailPage,com.nbcd.Test.TCShowVideoDetailPage_VerifyMVPDLogo,No,Chrome,Chrome,64,Windows,7
ShowVideoDetailPage,com.nbcd.Test.TCShowVideoDetailPage_VerifyClassicEarliestairdatetolatestairdate_3100,No,Chrome,Chrome,64,Windows,7
ShowVideoDetailPage,com.nbcd.Test.TCShowVideoDetailPage_verifyTwittertagclip_NBCRESP_2003,No,Chrome,Chrome,64,Windows,7
ShowVideoDetailPage,com.nbcd.Test.TCShowVideoDetailPage_VerifyNowPlaying,No,Chrome,Chrome,64,Windows,7
ShowVideoDetailPage,com.nbcd.Test.TCShowVideoDetailPage_verifyTwittertagvideo_NBCRESP_2003,No,Chrome,Chrome,64,Windows,7
ShowVideoDetailPage,com.nbcd.Test.TCShowVideoPage_VerifyBodyAd_NonPlayer_NBCRESP_1406,No,Chrome,Chrome,64,Windows,7
ShowVideoDetailPage,com.nbcd.Test.TCShowVideoDetailPage_verifyPreRollAdclip,No,Chrome,Chrome,64,Windows,7
ShowVideoDetailPage,com.nbcd.Test.TCShowVideoDetailPage_Verifymetaforexpired_NBCRESP_1282,No,Chrome,Chrome,64,Windows,7
ShowVideoDetailPage,com.nbcd.Test.TCShowVideoDetailPage_Verify_identityAutoPalying_2499,No,Chrome,Chrome,64,Windows,7
ShowVideoDetailPage,com.nbcd.Test.TCShowVideoDetailPage_VerifySNLEpisode_2178,No,Chrome,Chrome,64,Windows,7
ShowVideoDetailPage,com.nbcd.Test.TCShowVideoDetailPage_LoadButtonNextSixClips_3812,No,Chrome,Chrome,64,Windows,7
ShowVideoDetailPage,com.nbcd.Test.TCShowVideoDetailPage_VerifySchema_org_FixesVideoDetailPage_3807,No,Chrome,Chrome,64,Windows,7
ShowVideoDetailPage,com.nbcd.Test.TCShowVideoDetailPage_VerifySchema_org_FixesVideoDetailPage_3808,No,Chrome,Chrome,64,Windows,7
ShowVideoDetailPage,com.nbcd.Test.TCShowVideoDetailPage_VerifyOGTagForURLVideoDetail,No,Chrome,Chrome,64,Windows,7
ShowVideoDetailPage,com.nbcd.Test.TCShowVideoDetailPage_Verify_NBCRESP_3822,No,Chrome,Chrome,64,Windows,7
ShowVideoDetailPage,com.nbcd.Test.TCShowVideoDetailPage_verifyPreRollAdvideo,No,Chrome,Chrome,64,Windows,7
LivePage,com.nbcd.Test.TCLivePage_VerifyErrorResultEnterButton_2106,No,Grid,Chrome,64,Windows,7
LivePage,com.nbcd.Test.TCLivePage_VerifyNonavmultipleResult_2106,No,Grid,Chrome,64,Windows,7
TSJF,com.nbcd.Test.TCTSJFGuestDetailPage_GuestDetailsArea_2230,Yes,Chrome,Chrome,64,Windows,7
TSJF,com.nbcd.Test.TCTSJFGuestDetailPage_GuestDetailsArea_2242,Yes,Chrome,Chrome,64,Windows,7
TSJF,com.nbcd.Test.TCTSJFGuestDetailPage_GuestDetailsArea_2215,Yes,Chrome,Chrome,64,Windows,7
TSJF,com.nbcd.Test.TCTSJFGuestDetailPage_GuestDetailsfade_2242,Yes,Chrome,Chrome,64,Windows,7
TSJF,com.nbcd.Test.TCTSJFGuestDetailPage_GuestDetailsAreadropdownnav_2242,Yes,Chrome,Chrome,64,Windows,7
TSJF,com.nbcd.Test.TCTSJFGuestDetailPage_Verifyanimations_2225,Yes,Chrome,Chrome,64,Windows,7
TSJF,com.nbcd.Test.TCTSJFGuestDetailPage_GuestDetailsAreadetails_2230,No,Grid,Chrome,64,Windows,7
Identity,com.nbcd.Test.TCIdentity_verify_NBCRESP_5841,No,Grid,Chrome,64,Windows,7
Identity,com.nbcd.Test.TCIdentity_Verify_NBCRESP_5972,No,Grid,Chrome,64,Windows,7
Identity,com.nbcd.Test.TCIdentity_Verify_NBCRESP_5108,No,Grid,Chrome,64,Windows,7
Identity,com.nbcd.Test.TCIdentity_Verify_NBCRESP_5489,No,Grid,Chrome,64,Windows,7
Identity,com.nbcd.Test.TCIdentity_Verify_Without_SignUP_NBCRESP_5489,No,Grid,Chrome,64,Windows,7
Identity,com.nbcd.Test.TCIdentity_Verify_ContentPlayBack_5337,No,Grid,Chrome,64,Windows,7
Identity,com.nbcd.Test.TCIdentity_Verifyfavorites_4649,No,Grid,Chrome,64,Windows,7
Identity,com.nbcd.Test.TCIdentity_Verify_NBCRESP_3035,No,Grid,Chrome,64,Windows,7
Identity,com.nbcd.Test.TCIdentity_Verify_NBCRESP_4633,No,Grid,Chrome,64,Windows,7
Identity,com.nbcd.Test.TCIdentity_Verify_NBCRESP_4814,No,Grid,Chrome,64,Windows,7
Identity,com.nbcd.Test.TCIdentity_Verify_NBCRESP_5711,No,Grid,Chrome,64,Windows,7
Identity,com.nbcd.Test.TCIdentity_Verify_NBCRESP_5906,No,Grid,Chrome,64,Windows,7
Identity,com.nbcd.Test.TCIdentity_Verify_NBCRESP_5908,No,Grid,Chrome,64,Windows,7
Identity,com.nbcd.Test.TCIdentity_Verify_NBCRESP_5972,No,Grid,Chrome,64,Windows,7
Identity,com.nbcd.Test.TCIdentity_Verify_Password_Reset,No,Grid,Chrome,64,Windows,7
Identity,com.nbcd.Test.TCIdentity_Verify_RegularSignUp,No,Grid,Chrome,64,Windows,7
Identity,com.nbcd.Test.TCIdentity_SpecificLateNightShowNBCRESP_5630,No,Grid,Chrome,64,Windows,7
Identity,com.nbcd.Test.TCSeachPage_identityVerify_Search_Series_OR_Shows_5630,No,Grid,Chrome,64,Windows,7
Identity,com.nbcd.Test.TCSeachPage_identityVerify_search_and_closes_3185,No,Grid,Chrome,64,Windows,7
Identity,com.nbcd.Test.TCSeachPage_identityVerify_Search_by_cast_name_5630,No,Grid,Chrome,64,Windows,7
Identity,com.nbcd.Test.TCSeachPage_identityVerify_Search_for_episode_5630,No,Grid,Chrome,64,Windows,7
Identity,com.nbcd.Test.TCSeachPage_identityVerify_search_no_result_2893,No,Grid,Chrome,64,Windows,7
Identity,com.nbcd.Test.TCSeachPage_identityVerify_Search_Series_Shows_5630,No,Grid,Chrome,64,Windows,7
Identity,com.nbcd.Test.TCSeachPage_identityVerify_Search_for_clips_5630,No,Grid,Chrome,64,Windows,7
Identity,com.nbcd.Test.TCIdentity_Verify_NBCRESP_4564,No,Grid,Chrome,64,Windows,7
Identity,com.nbcd.Test.TCIdentity_VerifySweepStakesFormRegister_5982,No,Grid,Chrome,64,Windows,7
Identity,com.nbcd.Test.TCIdentity_VerifySweepStakesFormFaceBook_5896,No,Grid,Chrome,64,Windows,7
Identity,com.nbcd.Test.TCIdentity_VerifyBridgeScreenFaceBook_5383,No,Grid,Chrome,64,Windows,7
Identity,com.nbcd.Test.TCIdentity_VerifyFaceBook_3488,No,Grid,Chrome,64,Windows,7
Identity,com.nbcd.Test.TCIdentity_Signup_withoutmail,No,Grid,Chrome,64,Windows,7
Identity,com.nbcd.Test.TCSeachPage_identityVerify_Search_for_clip_5630,No,Grid,Chrome,64,Windows,7
Identity,com.nbcd.Test.TCIdentity_verifyscreenaftersuccessfullogin_4531,No,Grid,Chrome,64,Windows,7
SearchPage,com.nbcd.Test.TCSearchPage_IdentifyVerify_searchresultbehaviour_5630,No,Grid,Chrome,64,Windows,7
SearchPage,com.nbcd.Test.TCSearchPage_Identity_behaviourabilities,No,Grid,Chrome,64,Windows,7
SearchPage,com.nbcd.Test.TCSearchPage_IdentifyVerify_SearchforEpisode,No,Grid,Chrome,64,Windows,7
Identity,com.nbcd.Test.TCVerify_identityWatchedBadge95_4306,No,Grid,Chrome,64,Windows,7
Identity,com.nbcd.Test.TCVerify_identityWatchedBadgeVideoReplay_4309,No,Grid,Chrome,64,Windows,7
Identity,com.nbcd.Test.TCVerify_identityWatchedBadge100_4308,No,Grid,Chrome,64,Windows,7
ShowHomePage,com.nbcd.Test.TCShowHomePage_VerifyHeadertextofFeaturessection_990pxandabove_NBCRESP3700,No,Grid,Chrome,64,Windows,7
LivePage,com.nbcd.Test.TCLivePage_VerifyLive_NotSupportedRegion_NBCRESP3604,No,Grid,Chrome,64,Windows,7
SearchAllPages,com.nbcd.Test.TCSearchAppsPageReusableVerify_badging_details,No,Grid,Chrome,64,Windows,7
SearchAllPages,com.nbcd.Test.TCSearchAppsPageReusableVerify_Behavior_Criteria_Clips,No,Grid,Chrome,64,Windows,7
SearchAllPages,com.nbcd.Test.TCSearchAppsPageReusableVerify_Behavior_Criteria_Episode,No,Grid,Chrome,64,Windows,7
SearchAllPages,com.nbcd.Test.TCSearchAppsPageReusableVerify_click_Clear,No,Grid,Chrome,64,Windows,7
SearchAllPages,com.nbcd.Test.TCSearchAppsPageReusableVerify_Collection_of_3_shows,No,Grid,Chrome,64,Windows,7
SearchAllPages,com.nbcd.Test.TCSearchAppsPageReusableVerify_Default_Title,No,Grid,Chrome,64,Windows,7
SearchAllPages,com.nbcd.Test.TCSearchAppsPageReusableVerify_Episode_meta_data,No,Grid,Chrome,64,Windows,7
SearchAllPages,com.nbcd.Test.TCSearchAppsPageReusableVerify_key_short_form,No,Grid,Chrome,64,Windows,7
SearchAllPages,com.nbcd.Test.TCSearchAppsPageReusableVerify_previous_search_value,No,Grid,Chrome,64,Windows,7
SearchAllPages,com.nbcd.Test.TCSearchAppsPageReusableVerify_search_and_closes,No,Grid,Chrome,64,Windows,7
SearchAllPages,com.nbcd.Test.TCSearchAppsPageReusableVerify_Search_by_cast_name,No,Grid,Chrome,64,Windows,7
SearchAllPages,com.nbcd.Test.TCSearchAppsPageReusableVerify_Search_for_clips_5630,No,Grid,Chrome,64,Windows,7
SearchAllPages,com.nbcd.Test.TCSearchAppsPageReusableVerify_Search_for_clips,No,Grid,Chrome,64,Windows,7
SearchAllPages,com.nbcd.Test.TCSearchAppsPageReusableVerify_Search_for_episode,No,Grid,Chrome,64,Windows,7
SearchAllPages,com.nbcd.Test.TCSearchAppsPageReusableVerify_search_negative,No,Grid,Chrome,64,Windows,7
SearchAllPages,com.nbcd.Test.TCSearchAppsPageReusableVerify_search_no_result_latest_3_shows,No,Grid,Chrome,64,Windows,7
SearchAllPages,com.nbcd.Test.TCSearchAppsPageReusableVerify_search_no_result,No,Grid,Chrome,64,Windows,7
SearchAllPages,com.nbcd.Test.TCSearchAppsPageReusableVerify_Search_Overlay,No,Grid,Chrome,64,Windows,7
SearchAllPages,com.nbcd.Test.TCSearchAppsPageReusableVerify_search_returns_1_result,No,Grid,Chrome,64,Windows,7
SearchAllPages,com.nbcd.Test.TCSearchAppsPageReusableVerify_Search_Series_OR_Shows,No,Grid,Chrome,64,Windows,7
SearchAllPages,com.nbcd.Test.TCSearchAppsPageReusableVerify_Search_Series_Show,No,Grid,Chrome,64,Windows,7
SearchAllPages,com.nbcd.Test.TCSearchAppsPageReusableVerify_Show_areas_details,No,Grid,Chrome,64,Windows,7
SearchAllPages,com.nbcd.Test.TCSearchAppsPageReusableVerify_Show_details,No,Grid,Chrome,64,Windows,7
SearchAllPages,com.nbcd.Test.TCSearchAppsPageReusableVerify_show_lockup,No,Grid,Chrome,64,Windows,7
SearchAllPages,com.nbcd.Test.TCSearchAppsPageReusableVerify_Subtitle_functionality,No,Grid,Chrome,64,Windows,7
SearchAllPages,com.nbcd.Test.TCSearchAppsPageReusableVerify_User_inputs_search_query,No,Grid,Chrome,64,Windows,7
SearchAllPages,com.nbcd.Test.TCSearchAppsPageVerify_X_Icon,No,Grid,Chrome,64,Windows,7
SearchAllPages,com.nbcd.Test.TCSearchEpisodespageVerify_badging_details,No,Grid,Chrome,64,Windows,7
SearchAllPages,com.nbcd.Test.TCSearchEpisodespageVerify_Behavior_Criteria_Clips,No,Grid,Chrome,64,Windows,7
SearchAllPages,com.nbcd.Test.TCSearchEpisodespageVerify_Behavior_Criteria_Episode,No,Grid,Chrome,64,Windows,7
SearchAllPages,com.nbcd.Test.TCSearchEpisodespageVerify_click_Clear,No,Grid,Chrome,64,Windows,7
SearchAllPages,com.nbcd.Test.TCSearchEpisodespageVerify_Collection_of_3_shows,No,Grid,Chrome,64,Windows,7
SearchAllPages,com.nbcd.Test.TCSearchEpisodespageVerify_Default_Title,No,Grid,Chrome,64,Windows,7
SearchAllPages,com.nbcd.Test.TCSearchEpisodespageVerify_Episode_meta_data,No,Grid,Chrome,64,Windows,7
SearchAllPages,com.nbcd.Test.TCSearchEpisodespageVerify_key_short_form,No,Grid,Chrome,64,Windows,7
SearchAllPages,com.nbcd.Test.TCSearchEpisodespageVerify_previous_search_value,No,Grid,Chrome,64,Windows,7
SearchAllPages,com.nbcd.Test.TCSearchEpisodespageVerify_ReusableSearch_Bar_Promt_message,No,Grid,Chrome,64,Windows,7
SearchAllPages,com.nbcd.Test.TCSearchEpisodespageVerify_search_and_closes,No,Grid,Chrome,64,Windows,7
SearchAllPages,com.nbcd.Test.TCSearchEpisodespageVerify_Search_by_cast_name,No,Grid,Chrome,64,Windows,7
SearchAllPages,com.nbcd.Test.TCSearchEpisodespageVerify_Search_for_clips_5630,No,Grid,Chrome,64,Windows,7
SearchAllPages,com.nbcd.Test.TCSearchEpisodespageVerify_Search_for_clips,No,Grid,Chrome,64,Windows,7
SearchAllPages,com.nbcd.Test.TCSearchEpisodespageVerify_Search_for_episode,No,Grid,Chrome,64,Windows,7
SearchAllPages,com.nbcd.Test.TCSearchEpisodespageVerify_search_negative,No,Grid,Chrome,64,Windows,7
SearchAllPages,com.nbcd.Test.TCSearchEpisodespageVerify_search_no_result_latest_3_shows,No,Grid,Chrome,64,Windows,7
SearchAllPages,com.nbcd.Test.TCSearchEpisodespageVerify_search_no_result,No,Grid,Chrome,64,Windows,7
SearchAllPages,com.nbcd.Test.TCSearchEpisodespageVerify_Search_Overlay,No,Grid,Chrome,64,Windows,7
SearchAllPages,com.nbcd.Test.TCSearchEpisodespageVerify_search_returns_1_result,No,Grid,Chrome,64,Windows,7
SearchAllPages,com.nbcd.Test.TCSearchEpisodespageVerify_Search_Series_OR_Shows,No,Grid,Chrome,64,Windows,7
SearchAllPages,com.nbcd.Test.TCSearchEpisodespageVerify_Search_Series_Shows,No,Grid,Chrome,64,Windows,7
SearchAllPages,com.nbcd.Test.TCSearchEpisodespageVerify_Show_areas_details,No,Grid,Chrome,64,Windows,7
SearchAllPages,com.nbcd.Test.TCSearchEpisodespageVerify_Show_details,No,Grid,Chrome,64,Windows,7
SearchAllPages,com.nbcd.Test.TCSearchEpisodespageVerify_show_lockup,No,Grid,Chrome,64,Windows,7
SearchAllPages,com.nbcd.Test.TCSearchEpisodespageVerify_Subtitle_functionality,No,Grid,Chrome,64,Windows,7
SearchAllPages,com.nbcd.Test.TCSearchEpisodespageVerify_User_inputs_search_query,No,Grid,Chrome,64,Windows,7
SearchAllPages,com.nbcd.Test.TCSearchEpisodespageVerify_X_icon,No,Grid,Chrome,64,Windows,7
SearchAllPages,com.nbcd.Test.TCSearchLiveVerify_badging_details,No,Grid,Chrome,64,Windows,7
SearchAllPages,com.nbcd.Test.TCSearchLiveVerify_Behavior_Criteria_Clips,No,Grid,Chrome,64,Windows,7
SearchAllPages,com.nbcd.Test.TCSearchLiveVerify_Behavior_Criteria_Episode,No,Grid,Chrome,64,Windows,7
SearchAllPages,com.nbcd.Test.TCSearchLiveVerify_click_Clear,No,Grid,Chrome,64,Windows,7
SearchAllPages,com.nbcd.Test.TCSearchLiveVerify_Collection_of_3_shows,No,Grid,Chrome,64,Windows,7
SearchAllPages,com.nbcd.Test.TCSearchLiveVerify_Default_Title,No,Grid,Chrome,64,Windows,7
SearchAllPages,com.nbcd.Test.TCSearchLiveVerify_Episode_meta_data,No,Grid,Chrome,64,Windows,7
SearchAllPages,com.nbcd.Test.TCSearchLiveVerify_key_short_form,No,Grid,Chrome,64,Windows,7
SearchAllPages,com.nbcd.Test.TCSearchLiveVerify_previous_search_value,No,Grid,Chrome,64,Windows,7
SearchAllPages,com.nbcd.Test.TCSearchLiveVerify_search_and_closes,No,Grid,Chrome,64,Windows,7
SearchAllPages,com.nbcd.Test.TCSearchLiveVerify_Search_by_cast_name,No,Grid,Chrome,64,Windows,7
SearchAllPages,com.nbcd.Test.TCSearchLiveVerify_Search_for_clips_5630,No,Grid,Chrome,64,Windows,7
SearchAllPages,com.nbcd.Test.TCSearchLiveVerify_Search_for_clips,No,Grid,Chrome,64,Windows,7
SearchAllPages,com.nbcd.Test.TCSearchLiveVerify_Search_for_episode,No,Grid,Chrome,64,Windows,7
SearchAllPages,com.nbcd.Test.TCSearchLiveVerify_search_negative,No,Grid,Chrome,64,Windows,7
SearchAllPages,com.nbcd.Test.TCSearchLiveVerify_search_no_result_latest_3_shows,No,Grid,Chrome,64,Windows,7
SearchAllPages,com.nbcd.Test.TCSearchLiveVerify_search_no_result,No,Grid,Chrome,64,Windows,7
SearchAllPages,com.nbcd.Test.TCSearchLiveVerify_Search_Overlay,No,Grid,Chrome,64,Windows,7
SearchAllPages,com.nbcd.Test.TCSearchLiveVerify_search_returns_1_result,No,Grid,Chrome,64,Windows,7
SearchAllPages,com.nbcd.Test.TCSearchLiveVerify_Search_Series_OR_Shows,No,Grid,Chrome,64,Windows,7
SearchAllPages,com.nbcd.Test.TCSearchLiveVerify_Search_Series_Shows,No,Grid,Chrome,64,Windows,7
SearchAllPages,com.nbcd.Test.TCSearchLiveVerify_Show_areas_details,No,Grid,Chrome,64,Windows,7
SearchAllPages,com.nbcd.Test.TCSearchLiveVerify_Show_details,No,Grid,Chrome,64,Windows,7
SearchAllPages,com.nbcd.Test.TCSearchLiveVerify_show_lockup,No,Grid,Chrome,64,Windows,7
SearchAllPages,com.nbcd.Test.TCSearchLiveVerify_Subtitle_functionality,No,Grid,Chrome,64,Windows,7
SearchAllPages,com.nbcd.Test.TCSearchLiveVerify_User_inputs_search_query,No,Grid,Chrome,64,Windows,7
SearchAllPages,com.nbcd.Test.TCSearchLiveVerify_X_Icon,No,Grid,Chrome,64,Windows,7
SearchAllPages,com.nbcd.Test.TCSearchReusable_GlobalHomepageVerify_badging_details,No,Grid,Chrome,64,Windows,7
SearchAllPages,com.nbcd.Test.TCSearchReusable_GlobalHomepageVerify_Behavior_Criteria_Clips,No,Grid,Chrome,64,Windows,7
SearchAllPages,com.nbcd.Test.TCSearchReusable_GlobalHomepageVerify_Behavior_Criteria_Episode,No,Grid,Chrome,64,Windows,7
SearchAllPages,com.nbcd.Test.TCSearchReusable_GlobalHomepageVerify_click_Clear,No,Grid,Chrome,64,Windows,7
SearchAllPages,com.nbcd.Test.TCSearchReusable_GlobalHomepageVerify_Collection_of_3_shows,No,Grid,Chrome,64,Windows,7
SearchAllPages,com.nbcd.Test.TCSearchReusable_GlobalHomepageVerify_Default_Title,No,Grid,Chrome,64,Windows,7
SearchAllPages,com.nbcd.Test.TCSearchReusable_GlobalHomepageVerify_Episode_meta_data,No,Grid,Chrome,64,Windows,7
SearchAllPages,com.nbcd.Test.TCSearchReusable_GlobalHomepageVerify_key_short_form,No,Grid,Chrome,64,Windows,7
SearchAllPages,com.nbcd.Test.TCSearchReusable_GlobalHomepageVerify_previous_search_value,No,Grid,Chrome,64,Windows,7
SearchAllPages,com.nbcd.Test.TCSearchReusable_GlobalHomepageVerify_ReusableSearch_Bar_Promt_message,No,Grid,Chrome,64,Windows,7
SearchAllPages,com.nbcd.Test.TCSearchReusable_GlobalHomepageVerify_search_and_closes,No,Grid,Chrome,64,Windows,7
SearchAllPages,com.nbcd.Test.TCSearchReusable_GlobalHomepageVerify_Search_by_cast_name,No,Grid,Chrome,64,Windows,7
SearchAllPages,com.nbcd.Test.TCSearchReusable_GlobalHomepageVerify_Search_for_clips_5630,No,Grid,Chrome,64,Windows,7
SearchAllPages,com.nbcd.Test.TCSearchReusable_GlobalHomepageVerify_Search_for_clips,No,Grid,Chrome,64,Windows,7
SearchAllPages,com.nbcd.Test.TCSearchReusable_GlobalHomepageVerify_Search_for_episode,No,Grid,Chrome,64,Windows,7
SearchAllPages,com.nbcd.Test.TCSearchReusable_GlobalHomepageVerify_search_negative,No,Grid,Chrome,64,Windows,7
SearchAllPages,com.nbcd.Test.TCSearchReusable_GlobalHomepageVerify_search_no_result_latest_3_shows,No,Grid,Chrome,64,Windows,7
SearchAllPages,com.nbcd.Test.TCSearchReusable_GlobalHomepageVerify_search_no_result,No,Grid,Chrome,64,Windows,7
SearchAllPages,com.nbcd.Test.TCSearchReusable_GlobalHomepageVerify_Search_Overlay,No,Grid,Chrome,64,Windows,7
SearchAllPages,com.nbcd.Test.TCSearchReusable_GlobalHomepageVerify_search_returns_1_result,No,Grid,Chrome,64,Windows,7
SearchAllPages,com.nbcd.Test.TCSearchReusable_GlobalHomepageVerify_Search_Series_OR_Shows,No,Grid,Chrome,64,Windows,7
SearchAllPages,com.nbcd.Test.TCSearchReusable_GlobalHomepageVerify_Search_Series_Shows,No,Grid,Chrome,64,Windows,7
SearchAllPages,com.nbcd.Test.TCSearchReusable_GlobalHomepageVerify_Show_areas_details,No,Grid,Chrome,64,Windows,7
SearchAllPages,com.nbcd.Test.TCSearchReusable_GlobalHomepageVerify_Show_details,No,Grid,Chrome,64,Windows,7
SearchAllPages,com.nbcd.Test.TCSearchReusable_GlobalHomepageVerify_show_lockup,No,Grid,Chrome,64,Windows,7
SearchAllPages,com.nbcd.Test.TCSearchReusable_GlobalHomepageVerify_Subtitle_functionality,No,Grid,Chrome,64,Windows,7
SearchAllPages,com.nbcd.Test.TCSearchReusable_GlobalHomepageVerify_User_inputs_search_query,No,Grid,Chrome,64,Windows,7
SearchAllPages,com.nbcd.Test.TCSearchReusable_GlobalHomepageVerify_X_Icon,No,Grid,Chrome,64,Windows,7
SearchAllPages,com.nbcd.Test.TCSearchReusable_Verify_x_icon_appspage,No,Grid,Chrome,64,Windows,7
SearchAllPages,com.nbcd.Test.TCSearchReusable_VideoDetailpageVerify_badging_details,No,Grid,Chrome,64,Windows,7
SearchAllPages,com.nbcd.Test.TCSearchReusable_VideoDetailpageVerify_Behavior_Criteria_Clips,No,Grid,Chrome,64,Windows,7
SearchAllPages,com.nbcd.Test.TCSearchReusable_VideoDetailpageVerify_Behavior_Criteria_Episode,No,Grid,Chrome,64,Windows,7
SearchAllPages,com.nbcd.Test.TCSearchReusable_VideoDetailpageVerify_click_Clear,No,Grid,Chrome,64,Windows,7
SearchAllPages,com.nbcd.Test.TCSearchReusable_VideoDetailpageVerify_Collection_of_3_shows,No,Grid,Chrome,64,Windows,7
SearchAllPages,com.nbcd.Test.TCSearchReusable_VideoDetailpageVerify_Default_Title,No,Grid,Chrome,64,Windows,7
SearchAllPages,com.nbcd.Test.TCSearchReusable_VideoDetailpageVerify_Episode_meta_data,No,Grid,Chrome,64,Windows,7
SearchAllPages,com.nbcd.Test.TCSearchReusable_VideoDetailpageVerify_key_short_form,No,Grid,Chrome,64,Windows,7
SearchAllPages,com.nbcd.Test.TCSearchReusable_VideoDetailpageVerify_previous_search_value,No,Grid,Chrome,64,Windows,7
SearchAllPages,com.nbcd.Test.TCSearchReusable_VideoDetailpageVerify_ReusableSearch_Bar_Promt_message,No,Grid,Chrome,64,Windows,7
SearchAllPages,com.nbcd.Test.TCSearchReusable_VideoDetailpageVerify_search_and_closes,No,Grid,Chrome,64,Windows,7
SearchAllPages,com.nbcd.Test.TCSearchReusable_VideoDetailpageVerify_Search_by_cast_name,No,Grid,Chrome,64,Windows,7
SearchAllPages,com.nbcd.Test.TCSearchReusable_VideoDetailpageVerify_Search_for_clips_5630,No,Grid,Chrome,64,Windows,7
SearchAllPages,com.nbcd.Test.TCSearchReusable_VideoDetailpageVerify_Search_for_clips,No,Grid,Chrome,64,Windows,7
SearchAllPages,com.nbcd.Test.TCSearchReusable_VideoDetailpageVerify_Search_for_episode,No,Grid,Chrome,64,Windows,7
SearchAllPages,com.nbcd.Test.TCSearchReusable_VideoDetailpageVerify_search_negative,No,Grid,Chrome,64,Windows,7
SearchAllPages,com.nbcd.Test.TCSearchReusable_VideoDetailpageVerify_search_no_result_latest_3_shows,No,Grid,Chrome,64,Windows,7
SearchAllPages,com.nbcd.Test.TCSearchReusable_VideoDetailpageVerify_search_no_result,No,Grid,Chrome,64,Windows,7
SearchAllPages,com.nbcd.Test.TCSearchReusable_VideoDetailpageVerify_Search_Overlay,No,Grid,Chrome,64,Windows,7
SearchAllPages,com.nbcd.Test.TCSearchReusable_VideoDetailpageVerify_search_returns_1_result,No,Grid,Chrome,64,Windows,7
SearchAllPages,com.nbcd.Test.TCSearchReusable_VideoDetailpageVerify_Search_Series_OR_Shows,No,Grid,Chrome,64,Windows,7
SearchAllPages,com.nbcd.Test.TCSearchReusable_VideoDetailpageVerify_Search_Series_Shows,No,Grid,Chrome,64,Windows,7
SearchAllPages,com.nbcd.Test.TCSearchReusable_VideoDetailpageVerify_Show_areas_details,No,Grid,Chrome,64,Windows,7
SearchAllPages,com.nbcd.Test.TCSearchReusable_VideoDetailpageVerify_Show_details,No,Grid,Chrome,64,Windows,7
SearchAllPages,com.nbcd.Test.TCSearchReusable_VideoDetailpageVerify_show_lockup,No,Grid,Chrome,64,Windows,7
SearchAllPages,com.nbcd.Test.TCSearchReusable_VideoDetailpageVerify_Subtitle_functionality,No,Grid,Chrome,64,Windows,7
SearchAllPages,com.nbcd.Test.TCSearchReusable_VideoDetailpageVerify_User_inputs_search_query,No,Grid,Chrome,64,Windows,7
SearchAllPages,com.nbcd.Test.TCSearchReusable_VideoDetailpageVerify_X_Icon,No,Grid,Chrome,64,Windows,7
SearchAllPages,com.nbcd.Test.TCSearchScheduleVerify_badging_details,No,Grid,Chrome,64,Windows,7
SearchAllPages,com.nbcd.Test.TCSearchScheduleVerify_Behavior_Criteria_Clips,No,Grid,Chrome,64,Windows,7
SearchAllPages,com.nbcd.Test.TCSearchScheduleVerify_Behavior_Criteria_Episode,No,Grid,Chrome,64,Windows,7
SearchAllPages,com.nbcd.Test.TCSearchScheduleVerify_click_Clear,No,Grid,Chrome,64,Windows,7
SearchAllPages,com.nbcd.Test.TCSearchScheduleVerify_Collection_of_3_shows,No,Grid,Chrome,64,Windows,7
SearchAllPages,com.nbcd.Test.TCSearchScheduleVerify_Default_Title,No,Grid,Chrome,64,Windows,7
SearchAllPages,com.nbcd.Test.TCSearchScheduleVerify_Episode_meta_data,No,Grid,Chrome,64,Windows,7
SearchAllPages,com.nbcd.Test.TCSearchScheduleVerify_key_short_form,No,Grid,Chrome,64,Windows,7
SearchAllPages,com.nbcd.Test.TCSearchScheduleVerify_previous_search_value,No,Grid,Chrome,64,Windows,7
SearchAllPages,com.nbcd.Test.TCSearchScheduleVerify_search_and_closes,No,Grid,Chrome,64,Windows,7
SearchAllPages,com.nbcd.Test.TCSearchScheduleVerify_Search_by_cast_name,No,Grid,Chrome,64,Windows,7
SearchAllPages,com.nbcd.Test.TCSearchScheduleVerify_Search_for_clips_5630,No,Grid,Chrome,64,Windows,7
SearchAllPages,com.nbcd.Test.TCSearchScheduleVerify_Search_for_clips,No,Grid,Chrome,64,Windows,7
SearchAllPages,com.nbcd.Test.TCSearchScheduleVerify_Search_for_episode,No,Grid,Chrome,64,Windows,7
SearchAllPages,com.nbcd.Test.TCSearchScheduleVerify_search_negative,No,Grid,Chrome,64,Windows,7
SearchAllPages,com.nbcd.Test.TCSearchScheduleVerify_search_no_result_latest_3_shows,No,Grid,Chrome,64,Windows,7
SearchAllPages,com.nbcd.Test.TCSearchScheduleVerify_search_no_result,No,Grid,Chrome,64,Windows,7
SearchAllPages,com.nbcd.Test.TCSearchScheduleVerify_Search_Overlay,No,Grid,Chrome,64,Windows,7
SearchAllPages,com.nbcd.Test.TCSearchScheduleVerify_search_returns_1_result,No,Grid,Chrome,64,Windows,7
SearchAllPages,com.nbcd.Test.TCSearchScheduleVerify_Search_Series_OR_Shows,No,Grid,Chrome,64,Windows,7
SearchAllPages,com.nbcd.Test.TCSearchScheduleVerify_Search_Series_Shows,No,Grid,Chrome,64,Windows,7
SearchAllPages,com.nbcd.Test.TCSearchScheduleVerify_Show_areas_details,No,Grid,Chrome,64,Windows,7
SearchAllPages,com.nbcd.Test.TCSearchScheduleVerify_Show_details,No,Grid,Chrome,64,Windows,7
SearchAllPages,com.nbcd.Test.TCSearchScheduleVerify_show_lockup,No,Grid,Chrome,64,Windows,7
SearchAllPages,com.nbcd.Test.TCSearchScheduleVerify_Subtitle_functionality,No,Grid,Chrome,64,Windows,7
SearchAllPages,com.nbcd.Test.TCSearchScheduleVerify_User_inputs_search_query,No,Grid,Chrome,64,Windows,7
SearchAllPages,com.nbcd.Test.TCSearchScheduleVerify_X_Icon,No,Grid,Chrome,64,Windows,7
SearchAllPages,com.nbcd.Test.TCSearchShowhomepageVerify_badging_details,No,Grid,Chrome,64,Windows,7
SearchAllPages,com.nbcd.Test.TCSearchShowhomepageVerify_Behavior_Criteria_Clips,No,Grid,Chrome,64,Windows,7
SearchAllPages,com.nbcd.Test.TCSearchShowhomepageVerify_Behavior_Criteria_Episode,No,Grid,Chrome,64,Windows,7
SearchAllPages,com.nbcd.Test.TCSearchShowhomepageVerify_click_Clear,No,Grid,Chrome,64,Windows,7
SearchAllPages,com.nbcd.Test.TCSearchShowhomepageVerify_Collection_of_3_shows,No,Grid,Chrome,64,Windows,7
SearchAllPages,com.nbcd.Test.TCSearchShowhomepageVerify_Default_Title,No,Grid,Chrome,64,Windows,7
SearchAllPages,com.nbcd.Test.TCSearchShowhomepageVerify_Episode_meta_data,No,Grid,Chrome,64,Windows,7
SearchAllPages,com.nbcd.Test.TCSearchShowhomepageVerify_key_short_form,No,Grid,Chrome,64,Windows,7
SearchAllPages,com.nbcd.Test.TCSearchShowhomepageVerify_previous_search_value,No,Grid,Chrome,64,Windows,7
SearchAllPages,com.nbcd.Test.TCSearchShowhomepageVerify_search_and_closes,No,Grid,Chrome,64,Windows,7
SearchAllPages,com.nbcd.Test.TCSearchShowhomepageVerify_Search_by_cast_name,No,Grid,Chrome,64,Windows,7
SearchAllPages,com.nbcd.Test.TCSearchShowhomepageVerify_Search_for_clips_5630,No,Grid,Chrome,64,Windows,7
SearchAllPages,com.nbcd.Test.TCSearchShowhomepageVerify_Search_for_clips,No,Grid,Chrome,64,Windows,7
SearchAllPages,com.nbcd.Test.TCSearchShowhomepageVerify_Search_for_episode,No,Grid,Chrome,64,Windows,7
SearchAllPages,com.nbcd.Test.TCSearchShowhomepageVerify_search_negative,No,Grid,Chrome,64,Windows,7
SearchAllPages,com.nbcd.Test.TCSearchShowhomepageVerify_search_no_result_latest_3_shows,No,Grid,Chrome,64,Windows,7
SearchAllPages,com.nbcd.Test.TCSearchShowhomepageVerify_search_no_result,No,Grid,Chrome,64,Windows,7
SearchAllPages,com.nbcd.Test.TCSearchShowhomepageVerify_Search_Overlay,No,Grid,Chrome,64,Windows,7
SearchAllPages,com.nbcd.Test.TCSearchShowhomepageVerify_search_returns_1_result,No,Grid,Chrome,64,Windows,7
SearchAllPages,com.nbcd.Test.TCSearchShowhomepageVerify_Search_Series_OR_Shows,No,Grid,Chrome,64,Windows,7
SearchAllPages,com.nbcd.Test.TCSearchShowhomepageVerify_Search_Series_Shows,No,Grid,Chrome,64,Windows,7
SearchAllPages,com.nbcd.Test.TCSearchShowhomepageVerify_Show_areas_details,No,Grid,Chrome,64,Windows,7
SearchAllPages,com.nbcd.Test.TCSearchShowhomepageVerify_Show_details,No,Grid,Chrome,64,Windows,7
SearchAllPages,com.nbcd.Test.TCSearchShowhomepageVerify_show_lockup,No,Grid,Chrome,64,Windows,7
SearchAllPages,com.nbcd.Test.TCSearchShowhomepageVerify_Subtitle_functionality,No,Grid,Chrome,64,Windows,7
SearchAllPages,com.nbcd.Test.TCSearchShowhomepageVerify_User_inputs_search_query,No,Grid,Chrome,64,Windows,7
SearchAllPages,com.nbcd.Test.TCSearchShowhomepageVerify_X_Icon,No,Grid,Chrome,64,Windows,7
SearchAllPages,com.nbcd.Test.TCSearchAppsPageVerify_ReusableSearch_Bar_Promt_message,No,Grid,Chrome,64,Windows,7
SearchAllPages,com.nbcd.Test.TCSearchScheduleVerify_ReusableSearch_Bar_Promt_message,No,Grid,Chrome,64,Windows,7
SearchAllPages,com.nbcd.Test.TCSearchLiveVerify_ReusableSearch_Bar_Promt_message,No,Grid,Chrome,64,Windows,7
ShowHomePage,com.nbcd.Test.TCShowHomePage_Verifyclipisplayedingenereticsitewhendataisnotavailable_NBCRESP3830,No,Grid,Chrome,64,Windows,7
TSJF,com.nbcd.Test.TCTSJFGuestDetailPage_VerifyRelatedClipsAreadisplayedinGuestDetailpage_NBCRESP4124,No,Grid,Chrome,64,Windows,7
ActivationPage,com.nbcd.Test.TCActivationPage_URLRoutingforactivationpage_NBCRESP3518,No,Grid,Chrome,64,Windows,7
ShowHomePage,com.nbcd.Test.TCShowHomePage_VerifyGuestcalenderwhentherearenoepisode_NBCRESP4107,No,Grid,Chrome,64,Windows,7
ShowVideoDetailPage,com.nbcd.Test.TCShowVideoDetailPage_NBCRESP_3796,No,Chrome,Chrome,64,Windows,7
ShowVideoDetailPage,com.nbcd.Test.TCShowVideoDetailPage_NBCRESP_3542,No,Chrome,Chrome,64,Windows,7
ShowVideoDetailPage,com.nbcd.Test.TCShowVideoDetailPage_NBCRESP_3536,No,Chrome,Chrome,64,Windows,7
ShowVideoDetailPage,com.nbcd.Test.TCShowVideoDetailPage_VerifyAuthKeyIcon_3097,No,Chrome,Chrome,64,Windows,7
ShowVideoDetailPage,com.nbcd.Test.TCShowVideoDetailPage_VerifyUserFriendlyFailMessagesAuthKey_1920,No,Chrome,Chrome,64,Windows,7
ShowHomePage,com.nbcd.Test.TCShowHomePage_Tab_CLIPSsectionDropdownMenuDBB3786,No,IPAD,TRUE,64,iPad Pro,11.2
ShowHomePage,com.nbcd.Test.TCShowHomePage_Tab_CLIPSsectionDropdownMenu_sneakpeak_NBCRESP_1436,No,IPAD,TRUE,64,iPad Pro,11.2
ShowHomePage,com.nbcd.Test.TCShowHomePage_Mobile_verifyclipstaggedtohidesalesinclicpssection_NBCRESP_1436,No,IPHONE,TRUE,64,iPhone 7 Plus,10.3
ShowHomePage,com.nbcd.Test.TCShowHomePage_Mobile_verifyFilterisinEpisodesection_DBB_3687,No,IPHONE,TRUE,64,iPhone 7 Plus,10.3
Global_Showhome_Page,com.nbcd.Test.TCGlobalHomePage_GlobalHomepage_Mobile_VerifytheShowsinalphabeticalorder_NBCRESP271,No,IPHONE,TRUE,64,iPhone 7 Plus,10.3
Global_Showhome_Page,com.nbcd.Test.TCGlobalHomePage_GlobalHomepage_Mobile_VerifyDynamicLeadslidesanimatedcircularehaviour,No,IPHONE,TRUE,64,iPhone 7 Plus,10.3
Global_Showhome_Page,com.nbcd.Test.TCGlobalHomePage_GlobalHomepage_Tab_VerifyDynamicLeadslidesanimationNBCRESP_9,No,IPAD,TRUE,64,iPad Pro,11.2
Global_Showhome_Page,com.nbcd.Test.TCGlobalHomePage_GlobalHomepage_Tab_VerifyDynamicLeadslidesanimatedcircularehaviour,No,IPAD,TRUE,64,iPad Pro,11.2
PhotosLandingPage,com.nbcd.Test.TCPhotosLandingPage_NBCRESP_3644,No,Grid,Chrome,64,Windows,7
ShowVideoDetailPage,com.nbcd.Test.TCShowVideoDetailPage_NBCRESP_3805,No,Chrome,Chrome,64,Windows,7
Global_Showhome_Page,com.nbcd.Test.TCGlobalHomePage_Verify_NBCRESP_3574,No,Grid,Chrome,64,Windows,7
ShowVideoDetailPage,com.nbcd.Test.TCShowVideoDetailPage_NBCRESP_3783,No,Chrome,Chrome,64,Windows,7
ShowVideoDetailPage,com.nbcd.Test.TCShowVideoDetailPage_NBCRESP_3779,No,Chrome,Chrome,64,Windows,7
Guest calender,com.nbcd.Test.TCTSJFGuestDetailPage_Verify_Directional_Arrows_NBCRESP_4109,No,Grid,Chrome,64,Windows,7
Guest calender,com.nbcd.Test.TCTSJFGuestDetailPage_Verify_Dynamic_Lead_slides_NBCRESP_3590,No,Grid,Chrome,64,Windows,7
ShowVideoDetailPage,com.nbcd.Test.TCShowVideoDetailPage_NBCRESP_3793,No,Chrome,Chrome,64,Windows,7
ShowVideoDetailPage,com.nbcd.Test.TCShowVideoDetailPage_NBCRESP_3818,No,Chrome,Chrome,64,Windows,7
ShowVideoDetailPage,com.nbcd.Test.TCShowVideoDetailPage_NBCRESP_3774,No,Chrome,Chrome,64,Windows,7
ShowVideoDetailPage,com.nbcd.Test.TCShowVideoDetailPage_NBCRESP_3816,No,Chrome,Chrome,64,Windows,7
showhomepage,com.nbcd.Test.TCShowHomePage_Verify_NoShoplink_3586,No,Grid,Chrome,64,Windows,7
showhomepage,com.nbcd.Test.TCShowHomePage_Verify_NoMarketingband_3704,No,Grid,Chrome,64,Windows,7
TSJF,com.nbcd.Test.TCTSJFGuestDetailPage_verifyisSponsorExclusiveattribute_4129,Yes,Chrome,Chrome,64,Windows,7
ShowVideoDetailPage,com.nbcd.Test.TCShowVideoDetailPage_Tab_VerifyResponsive404ErrorPage_DBB_3445,No,IPAD,TRUE,64,iPad Pro,11.2
ShowVideoDetailPage,com.nbcd.Test.TCShowVideoDetailPage_Mobile_VerifyResponsive404ErrorPage_DBB_3445,No,IPHONE,TRUE,64,iPhone 7 Plus,10.3
ShowVideoDetailPage,com.nbcd.Test.TCShowVideoDetailPage_Tab_VerifyCopyrightinformationforshow_DBB_3577,No,IPAD,TRUE,64,iPad Pro,11.2
ShowVideoDetailPage,com.nbcd.Test.TCShowVideoDetailPage_Mobile_VerifyCopyrightinformationforshow_DBB_3577,No,IPHONE,TRUE,64,iPhone 7 Plus,10.3
ShowVideoDetailPage,com.nbcd.Test.TCShowVideoDetailPage_Mobile_Verifynext6clipsdisplayed_DBB_3527,No,IPHONE,TRUE,64,iPhone 7 Plus,10.3
showhomepage,com.nbcd.Test.TCShowHomePage_Verify_NBCRESP_3713,No,Grid,Chrome,64,Windows,7
showhomepage,com.nbcd.Test.TCShowHomePage_Verify_NBCRESP_3715,No,Grid,Chrome,64,Windows,7
showhomepage,com.nbcd.Test.TCShowHomePage_Verify_NBCRESP_3695,No,Grid,Chrome,64,Windows,7
Global_Showhome_Page,com.nbcd.Test.TCGlobalHomePage_Verify_NBCRESP_3571,No,Grid,Chrome,64,Windows,7
Scalablesales,com.nbcd.Test.TCScalablePage_AdCampaign_3648,No,Grid,Chrome,64,Windows,7
Scalablesales,com.nbcd.Test.TCScalablePage_appendtickets_3646,No,Grid,Chrome,64,Windows,7
Scalablesales,com.nbcd.Test.TCScalablePage_Coppacompliant_ScalableSalesPage_3588,No,Grid,Chrome,64,Windows,7
Scalablesales,com.nbcd.Test.TCScalablePage_Coppacompliant_show_3587,No,Grid,Chrome,64,Windows,7
Scalablesales,com.nbcd.Test.TCScalablePage_SlideOverlay_Nodata_3575,No,Grid,Chrome,64,Windows,7
Schedule,com.nbcd.Test.TCSchedulePage_Tab_VerifyShowNameLinksinchedulePage_NBCRESP_1213,No,IPAD,TRUE,64,iPad Pro,11.2
Schedule,com.nbcd.Test.TCSchedulePage_Mobile_VerifyWatchLiveShowCTA_NBCRESP_1956,No,IPHONE,TRUE,64,iPhone 7 Plus,10.3
AllShows,com.nbcd.Test.TCAllShowsPage_Mobile_classicshowsThrowback_NBCRESP_2275,No,IPHONE,TRUE,64,iPhone 7 Plus,10.3
Scalablesales,com.nbcd.Test.TCScalablePage_Verify_NBCRESP_3650,No,Grid,Chrome,64,Windows,7
Global_Showhome_Page,com.nbcd.Test.TCGlobalHomePage_Verify2VideoSection_NBCRESP_1224,No,Grid,Chrome,64,Windows,7
ShowVideoDetailPage,com.nbcd.Test.TCShowVideoDetailPage_VerifyUserFriendlyAuthzFailMessages_3785,No,Chrome,Chrome,64,Windows,7
AllShows,com.nbcd.Test.TCAllShowsPage_Tab_classicshowsThrowback_NBCRESP_2275,No,IPAD,TRUE,64,iPad Pro,11.2
ContactUs,com.nbcd.Test.TCContact_Mob_Pagelayout_1536,No,IPHONE,TRUE,64,iPhone 7 Plus,10.3
ContactUs,com.nbcd.Test.TCContact_Tab_ShowTicketsflow_1547,No,IPAD,TRUE,64,iPad Pro,11.2
Appspage,com.nbcd.Test.TCAppsLandingPage_Mob_Verifyupdated_1894,No,IPHONE,TRUE,64,iPhone 7 Plus,10.3
ShowinnerPage,com.nbcd.Test.TCShowInnerEpisode_Mobile_Verifynext6clipsdisplayed_NBCRESP_1344,No,IPHONE,TRUE,64,iPhone 7 Plus,10.3
ShowinnerPage,com.nbcd.Test.TCShowInnerEpisode_Tab_Verifynext6clipsdisplayed_NBCRESP_1345,No,IPAD,TRUE,64,iPad Pro,11.2
ShowinnerPage,com.nbcd.Test.TCShowInnerEpisode_Mobile_VerifyGlobalNavigation_expiredepisode,No,IPHONE,TRUE,64,iPhone 7 Plus,10.3
ShowinnerPage,com.nbcd.Test.TCShowInnerEpisode_Tab_VerifyGlobalNavigation_expiredepisode,No,IPAD,TRUE,64,iPad Pro,11.2
AllVideosPage,com.nbcd.Test.TCAllVideosPage_Tab_Verifyhamburger_3409,No,IPAD,TRUE,64,iPad Pro,11.2
AllVideosPage,com.nbcd.Test.TCAllVideosPage_Mob_Verify_All_Videos_Landing_Page_DBB_3798,No,IPHONE,TRUE,64,iPhone 7 Plus,10.3
AllVideosPage,com.nbcd.Test.TCAllVideosPage_Tab_Verify_All_Videos_Landing_Page_DBB_3798,No,IPAD,TRUE,64,iPad Pro,11.2
ShowinnerPage,com.nbcd.Test.TCShowInnerEpisode_Mobile_Verifyshowlevelnavigationisdisplayed,No,IPHONE,TRUE,64,iPhone 7 Plus,10.3
ShowVideoDetailPage,com.nbcd.Test.TCShowVideoDetailPage_Mobile_NBCRESP_2930,No,IPHONE,TRUE,64,iPhone 7 Plus,10.3
ShowVideoDetailPage,com.nbcd.Test.TCShowVideoDetailPage_Tab_NBCRESP_2930,No,IPAD,TRUE,64,iPad Pro,11.2
ShowinnerPage,com.nbcd.Test.TCShowInnerEpisode_Tab_Verifyshowlevelnavigationisdisplayed,No,IPAD,TRUE,64,iPad Pro,11.2
ShowinnerPage,com.nbcd.Test.TCShowInnerEpisode_Mobile_VerifyMessagewhennoepisodes_NBCRESP_1309,No,IPHONE,TRUE,64,iPhone 7 Plus,10.3
ShowinnerPage,com.nbcd.Test.TCShowInnerEpisode_Tab_VerifyAdShowInnerEpisodesPage_NBCRESP_1065,No,IPAD,TRUE,64,iPad Pro,11.2
ShowVideoDetailPage,com.nbcd.Test.TCShowVideoDetailPage_Mobile_NBCRESP_3105,No,IPHONE,TRUE,64,iPhone 7 Plus,10.3
ShowVideoDetailPage,com.nbcd.Test.TCShowVideoDetailPage_Tab_NBCRESP_3105,No,IPAD,TRUE,64,iPad Pro,11.2
ShowVideoDetailPage,com.nbcd.Test.TCShowVideoDetailPage_Tab_Verifynext6clipsdisplayed_DBB_3527,No,IPAD,TRUE,64,iPad Pro,11.2
CreditLandingPage,com.nbcd.Test.TCCreditLandingPage_Mobile_VerifyCreditlandingpage_NBCRESP_1315,No,IPHONE,TRUE,64,iPhone 7 Plus,10.3
CreditLandingPage,com.nbcd.Test.TCCreditLandingPage_Mobile_VerifyNonTeamCreditsTVSeason_NBCRESP_1340,No,IPHONE,TRUE,64,iPhone 7 Plus,10.3
ActivationPage,com.nbcd.Test.TCActivationPage_Mob_VerifyGenerallayout_3151,No,IPHONE,TRUE,64,iPhone 7 Plus,10.3
ActivationPage,com.nbcd.Test.TCActivationPage_Mob_Verifyvalidinvalid_2613,No,IPHONE,TRUE,64,iPhone 7 Plus,10.3
ShowVideoDetailPage,com.nbcd.Test.TCShowVideoDetailPage_Mobile_ios_NBCRESP_2569,No,IPHONE,TRUE,64,iPhone 7 Plus,10.3
ActivationPage,com.nbcd.Test.TCActivationPage_Tab_Verifyvalidinvalid_2613,No,IPAD,TRUE,64,iPad Pro,11.2
CreditLandingPage,com.nbcd.Test.TCCreditLandingPage_Mobile_VerifyNonTeamCreditsTVSeason_NBCRESP_1312,No,IPHONE,TRUE,64,iPhone 7 Plus,10.3
CreditDetailsPage,com.nbcd.Test.TCCreditDetailsPage_Mobile_VerifyResponsiveNavigationBar_NBCRESP_1286,No,IPHONE,TRUE,64,iPhone 7 Plus,10.3
CreditDetailsPage,com.nbcd.Test.TCCreditDetailsPage_Mobile_VerifyRelatedClipsSection_NBCRESP_1319,No,IPHONE,TRUE,64,iPhone 7 Plus,10.3
ShowVideoDetailPage,com.nbcd.Test.TCShowVideoDetailPage_Mobile_DBB_3100,No,IPHONE,TRUE,64,iPhone 7 Plus,10.3
ShowVideoDetailPage,com.nbcd.Test.TCShowVideoDetailPage_Tab_DBB_3100,No,IPAD,TRUE,64,iPad Pro,11.2
ShowVideoDetailPage,com.nbcd.Test.TCShowVideoDetailPage_Tab_DBB_3578,No,IPAD,TRUE,64,iPad Pro,11.2
ShowHomePage,com.nbcd.Test.TCShowHomePage_Tab_verifyFilterremovedonlySingleEpisodes_DBB_3687,No,IPAD,TRUE,64,iPad Pro,11.2
ShowHomePage,com.nbcd.Test.TCShowHomePage_Tab_verifyfilteravailableymorethanSingleEpisodes_DBB_3687_a,No,IPHONE,TRUE,64,iPhone 7 Plus,10.3
ActivationPage,com.nbcd.Test.TCActivationPage_Mob_Verifysubmission_2598,No,IPHONE,TRUE,64,iPhone 7 Plus,10.3
GlobalHome Page,com.nbcd.Test.TCGlobalHomePage_Mob_Verify2VideoSection_NBCRESP_1224,No,IPHONE,TRUE,64,iPhone 7 Plus,10.3
Schedule,com.nbcd.Test.TCSchedulePage_Mob_Verify_NBCRESP_3663,No,IPHONE,TRUE,64,iPhone 7 Plus,10.3
ShowHomePage,com.nbcd.Test.TCShowHomePage_Tab_verifyHeadertextofFeaturessection_NBCRESP_821,No,IPAD,TRUE,64,iPad Pro,11.2
ShowHomePage,com.nbcd.Test.TCShowHomePage_Mobile_verifShowhomepageArchivedshows_NBCRESP_1970,No,IPHONE,TRUE,64,iPhone 7 Plus,10.3
ShowVideoDetailPage,com.nbcd.Test.TCShowVideoDetailPage_Tab_Verify_NBCRESP_1436,No,IPAD,TRUE,64,iPad Pro,11.2
ShowVideoDetailPage,com.nbcd.Test.TCShowVideoDetailPage_Mobile_Verify_NBCRESP_2232,No,IPHONE,TRUE,64,iPhone 7 Plus,10.3
ShowVideoDetailPage,com.nbcd.Test.TCShowVideoDetailPage_Tab_DBB_2666,No,IPAD,TRUE,64,iPad Pro,11.2
ShowHomePage,com.nbcd.Test.TCShowHomePage_Mobile_verifyHeadertextofFeaturessection_NBCRESP_821,No,IPHONE,TRUE,64,iPhone 7 Plus,10.3
ShowHomePage,com.nbcd.Test.TCShowHomePage2_Tab_Verify_metadata_for_Feature_NBCRESP_812,No,IPAD,TRUE,64,iPad Pro,11.2
ShowVideoDetailPage,com.nbcd.Test.TCShowVideoDetailPage_Mobile_VerifyAppPromote_2395,No,IPHONE,TRUE,64,iPhone 7 Plus,10.3
ShowVideoDetailPage,com.nbcd.Test.TCShowVideoDetailPage_Tab_VerifyAppPromote_2395,No,IPAD,TRUE,64,iPad Pro,11.2
TSJF,com.nbcd.Test.TCTSJFGuestDetailPage_Mob_Verifyfirstname_2409,No,IPHONE,TRUE,64,iPhone 7 Plus,10.3
TSJF,com.nbcd.Test.TCTSJFGuestDetailPage_Tab_Verifyfirstname_2409,No,IPAD,TRUE,64,iPad Pro,11.2
TSJF,com.nbcd.Test.TCTSJFGuestDetailPage_Mobile_VerifyRelatedClipsAreadisplayedinGuestDetailpage_NBCRESP2230,No,IPHONE,TRUE,64,iPhone 7 Plus,10.3
TSJF,com.nbcd.Test.TCTSJFGuestDetailPage_Tab_VerifyRelatedClipsAreadisplayedinGuestDetailpage_NBCRESP2231,No,IPAD,TRUE,64,iPad Pro,11.2
TSJF,com.nbcd.Test.TCTSJFGuestDetailPage_Mobile_VerifGuestCarouselAreadisplayed_NBCRESP2230,No,IPHONE,TRUE,64,iPhone 7 Plus,10.3
ShowHomePage,com.nbcd.Test.TCShowHomePage_Tab_Verify_NBCRESP_1436,No,IPAD,TRUE,64,iPad Pro,11.2
TSJF,com.nbcd.Test.TCTSJFGuestDetailPage_Tab_GuestDetailsAreadropdownnav_2242,No,IPAD,TRUE,64,iPad Pro,11.2
TSJF,com.nbcd.Test.TCTSJFGuestDetailPage_Mobile_VerifyDirectionalArrows_NBCRESP_4109,No,IPHONE,TRUE,64,iPhone 7 Plus,10.3
ShowVideoDetailPage,com.nbcd.Test.TCShowVideoDetailPage_Tab_VerifyMetaDataFontColorsvideodetails_DBB_3222,No,IPAD,TRUE,64,iPad Pro,11.2
GlobalHome Page,com.nbcd.Test.TCGlobalHomePage_Mobile_Verify_NBCRESP_1163,No,IPHONE,TRUE,64,iPhone 7 Plus,10.3
GlobalHome Page,com.nbcd.Test.TCGlobalHomePage_Tab_Verify_NBCRESP_1163,No,IPAD,TRUE,64,iPad Pro,11.2
TSJF,com.nbcd.Test.TCTSJFGuestDetailPage_Tab_VerifyDirectionalArrows_NBCRESP_4109,No,IPAD,TRUE,64,iPad Pro,11.2
TSJF,com.nbcd.Test.TCTSJFGuestDetailPage_Mob_GuestDetailsArea_2230,No,IPHONE,TRUE,64,iPhone 7 Plus,10.3
TSJF,com.nbcd.Test.TCTSJFGuestDetailPage_Tab_GuestDetailsArea_2230,No,IPAD,TRUE,64,iPad Pro,11.2
TSJF,com.nbcd.Test.TCTSJFGuestDetailPage_Mob_GuestDetailsAreadropdownnav_2242,No,IPHONE,TRUE,64,iPhone 7 Plus,10.3
Identity,com.nbcd.Test.TCIdentity_Mobile_Signup_withoutmail,No,IPHONE,TRUE,64,iPhone 7 Plus,10.3
Identity,com.nbcd.Test.TCIdentity_Tab_Signup_withoutmail,No,IPAD,TRUE,64,iPad Pro,11.2
showhomepage,com.nbcd.Test.TCShowHomePage_Mobile_Verify_NBCRESP_2242,No,IPHONE,TRUE,64,iPhone 7 Plus,10.3
Identity,com.nbcd.Test.TCIdentity_Mobile_favorites_functionality,No,IPHONE,TRUE,64,iPhone 7 Plus,10.3
Search,com.nbcd.Test.TCSeachPage_Mob_Verify_searchAbilities_2866,No,IPHONE,TRUE,64,iPhone 7 Plus,10.3
TSJF,com.nbcd.Test.TCTSJFGuestDetailPage_Mobile_VerifyGuestcarousescrolling_NBCRESP_2242,No,IPHONE,TRUE,64,iPhone 7 Plus,10.3
Schedule,com.nbcd.Test.TCSchedulePage_Tab_Verify_NBCRESP_3663,No,IPAD,TRUE,64,iPad Pro,11.2
Identity,com.nbcd.Test.TCIdentity_Tab_Reset_3035,No,IPAD,TRUE,64,iPad Pro,11.2
identity,com.nbcd.Test.TCIdentity_Mob_Reset_3035,No,IPHONE,TRUE,64,iPhone 7 Plus,10.3
Search,com.nbcd.Test.TCSeachPage_Tab_Verify_searchAbilities_2866,No,IPAD,TRUE,64,iPad Pro,11.2
ShowVideoDetailPage,com.nbcd.Test.TCShowVideoDetailPage_Mobile_NBCRESP_2233,No,IPHONE,TRUE,64,iPhone 7 Plus,10.3
SearchAllPages,com.nbcd.Test.TCSearchAppsPageReusableVerify_click_Clear_Mobile_NBCRESP_3185,No,IPHONE,TRUE,No,iPhone 7 Plus,10.3
SearchAllPages,com.nbcd.Test.TCSearchAppsPageReusableVerify_click_Clear_Tab_NBCRESP_3185,No,IPAD,TRUE,No,iPad Pro,11.2
ShowHomePage,com.nbcd.Test.TCShowHomePage_Mobile_Verify_Archivedshow_3728,No,IPHONE,TRUE,64,iPhone 7 Plus,10.3
ShowHomePage,com.nbcd.Test.TCShowHomePage_Tab_verifyClipsdurationneverdisplay0min_NBCRESP_1016,No,IPAD,TRUE,64,iPad Pro,11.2
Search,com.nbcd.Test.TCSeachPage_Mob_Verify_searchresultbehaviour_5630,No,IPHONE,TRUE,64,iPhone 7 Plus,10.3
Search,com.nbcd.Test.TCSeachPage_Tab_Verify_searchresultbehaviour_5630,No,IPAD,TRUE,64,iPad Pro,11.2
ShowVideoDetailPage,com.nbcd.Test.TCShowVideoDetailPage_Tab_Chrono_NBCRESP_3105,No,IPAD,TRUE,64,iPad Pro,11.2
GlobalHome Page,com.nbcd.Test.TCGlobalHomePage_Tab_Verify2VideoSection_NBCRESP_1224,No,IPAD,TRUE,64,iPad Pro,11.2
ShowVideoDetailPage,com.nbcd.Test.TCShowVideoDetailPage_Mob_Chrono_NBCRESP_3105,No,IPHONE,TRUE,64,iPhone 7 Plus,10.3
showhomepage,com.nbcd.Test.TCShowHomePage_Mob_Verify_NBCRESP_1436,No,IPHONE,TRUE,64,iPhone 7 Plus,10.3
Scalablesales,com.nbcd.Test.TCScalableSweeps_Mob_HeaderNav_3212,No,ANDROIDPHONE,TRUE,64,Samsung Galaxy S8 Plus,7
Scalablesales,com.nbcd.Test.TCScalableSweeps_Tab_HeaderNav_3212,No,ANDROIDTAB,TRUE,64,Samsung Galaxy Note 4,6
Scalablesales,com.nbcd.Test.TCScalableSweeps_Tab_Branding_withLink3213,No,ANDROIDTAB,TRUE,64,Samsung Galaxy Note 4,6
Scalablesales,com.nbcd.Test.TCScalableSweeps_Mob_Branding_withoutLink3201,No,ANDROIDPHONE,TRUE,64,Samsung Galaxy S8 Plus,7
Scalablesales,com.nbcd.Test.TCScalableSweeps_Mob_Branding_withLink3200,No,ANDROIDPHONE,TRUE,64,Samsung Galaxy S8 Plus,7
Scalablesales,com.nbcd.Test.TCScalableSweeps_Tab_FrontEnd_Videocollection3218,No,ANDROIDTAB,TRUE,64,Samsung Galaxy Note 4,6
Scalablesales,com.nbcd.Test.TCScalableSweeps_Mob_FrontEnd_Videocollection3206,No,ANDROIDPHONE,TRUE,64,Samsung Galaxy S8 Plus,7
Scalablesales,com.nbcd.Test.TCScalableSweeps_Mobile_NBCRESP_3205,No,ANDROIDPHONE,TRUE,64,Samsung Galaxy S8 Plus,7
Scalablesales,com.nbcd.Test.TCScalableSweeps_Mobile_IframeContentboxexternalNotchecked_NBCRESP_3203,No,ANDROIDPHONE,TRUE,64,Samsung Galaxy S8 Plus,7
ScalableSweeps,com.nbcd.Test.TCScalableSweeps_Desktop_NBCRESP_3231,No,Grid,Chrome,64,Windows,7
ScalableSweeps,com.nbcd.Test.TCScalableSweeps_Desktop_NBCRESP_3232,No,Grid,Chrome,64,Windows,7
ScalableSweeps,com.nbcd.Test.TCScalableSweeps_Tab_FrontEnd_Ads_3220,No,ANDROIDTAB,TRUE,64,Samsung Galaxy Note 4,6
ScalableSweeps,com.nbcd.Test.TCScalableSweeps_Mob_FrontEnd_Ads_3208,No,ANDROIDPHONE,TRUE,64,Samsung Galaxy S8 Plus,7
ScalableSweeps,com.nbcd.Test.TCScalableSweeps_FrontEnd_Ads_3236,No,Grid,Chrome,64,Windows,7
Scalablesales,com.nbcd.Test.TCScalableSweeps_Mobile_Featurecollection_3207,No,ANDROIDPHONE,TRUE,64,Samsung Galaxy S8 Plus,7
Scalablesales,com.nbcd.Test.TCScalableSweeps_Tab_Featurecollection_3219,No,ANDROIDTAB,TRUE,64,Samsung Galaxy Note 4,6
Scalablesales,com.nbcd.Test.TCScalableSweeps_Tab_IframeContentboxexternalNotchecked_NBCRESP_3215,No,ANDROIDTAB,TRUE,64,Samsung Galaxy Note 4,6
Scalablesales,com.nbcd.Test.TCScalableSweeps_Mobile_IframeContentboxexternalchecked_NBCRESP_3202,No,ANDROIDPHONE,TRUE,64,Samsung Galaxy S8 Plus,7
Scalablesales,com.nbcd.Test.TCScalableSweeps_Tab_IframeContentboxexternalchecked_NBCRESP_3214,No,ANDROIDPHONE,TRUE,64,Samsung Galaxy S8 Plus,7
ScalableSweeps,com.nbcd.Test.TCScalableSweeps_Desktop_Confirmationmessage_sweeps3262,No,Grid,Chrome,64,Windows,7
ScalableSweeps,com.nbcd.Test.TCScalableSweeps_Desktop_Confirmationmessage_sweepsSocial_3261,No,Grid,Chrome,64,Windows,7
ScalableSweeps,com.nbcd.Test.TCScalableSweeps_Desktop_Confirmationmessage_sweepsSocialFB_3263,No,Grid,Chrome,64,Windows,7
ScalableSweeps,com.nbcd.Test.TCScalableSweeps_Desktop_Confirmationmessage_sweepsSocialtweet_3264,No,Grid,Chrome,64,Windows,7
ScalableSweeps,com.nbcd.Test.TCScalableSweeps_Desktop_NBCRESP_3268,No,Grid,Chrome,64,Windows,7
ScalableSweeps,com.nbcd.Test.TCScalableSweeps_Tab_Confirmationmessage_sweeps3275,No,ANDROIDTAB,TRUE,64,Samsung Galaxy Note 4,6
ScalableSweeps,com.nbcd.Test.TCScalableSweeps_Tab_Confirmationmessage_sweepsSocial_3274,No,ANDROIDTAB,TRUE,64,Samsung Galaxy Note 4,6
ScalableSweeps,com.nbcd.Test.TCScalableSweeps_Mob_Confirmationmessage_sweeps3281,No,ANDROIDPHONE,TRUE,64,Samsung Galaxy S8 Plus,7
ScalableSweeps,com.nbcd.Test.TCScalableSweeps_Mob_Confirmationmessage_sweepsSocial_3280,No,ANDROIDPHONE,TRUE,64,Samsung Galaxy S8 Plus,7
ScalableSweeps,com.nbcd.Test.TCScalableSweeps_Desktop_Submitform3259,No,Grid,Chrome,64,Windows,7
ScalableSweeps,com.nbcd.Test.TCScalableSweeps_Mob_Submitform3279,No,ANDROIDPHONE,TRUE,64,Samsung Galaxy S8 Plus,7
ScalableSweeps,com.nbcd.Test.TCScalableSweeps_Tab_Submitform3273,No,ANDROIDTAB,TRUE,64,Samsung Galaxy Note 4,6
ScalableSweeps,com.nbcd.Test.TCScalableSweeps_Desktop_Agegate3260,No,Grid,Chrome,64,Windows,7
ScalableSweeps,com.nbcd.Test.TCScalableSweeps_Desktop_Uniqueid3258,No,Grid,Chrome,64,Windows,7
ScalableSweeps,com.nbcd.Test.TCScalableSweeps_Desktop_Closedimage3266,No,Grid,Chrome,64,Windows,7
ScalableSweeps,com.nbcd.Test.TCScalableSweeps_Desktop_Closedmessage3266,No,Grid,Chrome,64,Windows,7
ScalableSweeps,com.nbcd.Test.TCScalableSweeps_Mobile_Closedimage3257,No,ANDROIDPHONE,TRUE,64,Samsung Galaxy S8 Plus,7
ScalableSweeps,com.nbcd.Test.TCScalableSweeps_Mobile_Closedmessage3256,No,ANDROIDPHONE,TRUE,64,Samsung Galaxy S8 Plus,7
ScalableSweeps,com.nbcd.Test.TCScalableSweeps_Desktop_NBCRESP_3269,No,Grid,Chrome,64,Windows,7
Scalablesales,com.nbcd.Test.TCScalableSweeps_Desktop_Featurecollection_3234,No,Grid,Chrome,64,Windows,7
Scalablesales,com.nbcd.Test.TCScalableSweeps_Desktop_IframeContentboxexternalNotchecked_NBCRESP_3230,No,Grid,Chrome,64,Windows,7
ScalableSweeps,com.nbcd.Test.TCScalableSweeps_Desktop_NBCRESP_3249,No,Grid,Chrome,64,Windows,7
ScalableSweeps,com.nbcd.Test.TCScalableSweeps_Desktop_NBCRESP_3248,No,Grid,Chrome,64,Windows,7
ScalableSweeps,com.nbcd.Test.TCScalableSweeps_Desktop_IframeContentboxexternalchecked_NBCRESP_3229,No,Grid,Chrome,64,Windows,7
ScalableSweeps,com.nbcd.Test.TCScalableSweeps_Desktop_SubnavHighlight3247,No,Grid,Chrome,64,Windows,7
ScalableSweeps,com.nbcd.Test.TCScalableSweeps_Desktop_NBCRESP_3238,No,Grid,Chrome,64,Windows,7
ScalableSweeps,com.nbcd.Test.TCScalableSweeps_Desktop_iframeboxsweeps_3239,No,Grid,Chrome,64,Windows,7
ScalableSweeps,com.nbcd.Test.TCScalableSweeps_Imagemaps_Mob_3226,No,ANDROIDPHONE,TRUE,64,Samsung Galaxy S8 Plus,7
ScalableSweeps,com.nbcd.Test.TCScalableSweeps_Desktop_Imagemaps_3270,No,Grid,Chrome,64,Windows,7
ScalableSweeps,com.nbcd.Test.TCScalableSweeps_Tab_Imagemaps3278,No,ANDROIDTAB,TRUE,64,Samsung Galaxy Note 4,6
ScalableSweeps,com.nbcd.Test.TCScalableSweeps_Mobile_Sponsoredsweepstakefrontendimages_NBCRESP_3223,No,ANDROIDPHONE,TRUE,64,Samsung Galaxy S8 Plus,7
ScalableSweeps,com.nbcd.Test.TCScalableSweeps_Desktop_Sponsoredsweepstakefrontendimages_NBCRESP_3267,No,Grid,Chrome,64,Windows,7
ScalableSweeps,com.nbcd.Test.TCScalableSweeps_Tab_Sponsoredsweepstakefrontendimages_NBCRESP_3272,No,ANDROIDTAB,TRUE,64,Samsung Galaxy Note 4,6
ScalableSweeps,com.nbcd.Test.TCScalableSweeps_Desktop_Branding_withLink3228,No,Grid,Chrome,64,Windows,7
ScalableSweeps,com.nbcd.Test.TCScalableSweeps_Desktop_FrontEnd_Videocollection3233,No,Grid,Chrome,64,Windows,7
ScalableSweeps,com.nbcd.Test.TCScalableSweeps_Desktop_ScalablesalesImagemaps3240,No,Grid,Chrome,64,Windows,7
ScalableSweeps,com.nbcd.Test.TCScalableSweeps_Tab_ScalablesalesImagemaps3222,No,ANDROIDTAB,TRUE,64,Samsung Galaxy Note 4,6
ScalableSweeps,com.nbcd.Test.TCScalableSweeps_Mob_ScalablesalesImagemaps3210,No,ANDROIDPHONE,TRUE,64,Samsung Galaxy S8 Plus,7
ScalableSweeps,com.nbcd.Test.TCScalableSweeps_Desktop_NBCRESP_3237,No,Grid,Chrome,64,Windows,7
ScalableSweeps,com.nbcd.Test.TCScalableSweeps_Mobile_FrontendBackgroundimagecolor_NBCRESP_3211,No,ANDROIDPHONE,TRUE,64,Samsung Galaxy S8 Plus,7
ScalableSweeps,com.nbcd.Test.TCScalableSweeps_Desktop_FrontendBackgroundimagecolor_NBCRESP_3267,No,Grid,Chrome,64,Windows,7
ContactUs,com.nbcd.Test.TCContact_Desktop_MistypeurlcontactusredirectsContactUs_NBCRESP_6030,No,Chrome,Chrome,64,Windows,7
Identity,com.nbcd.Test.TCIdentity_Mobile_ordering_favorites_functionality_NBCRESP_6424,No,IPHONE,TRUE,64,iPhone 7 Plus,10.3
ScalableSweeps,com.nbcd.Test.TCScalableSweeps_Desktop_Existinuserredirect5943,No,Grid,Chrome,64,Windows,7
ScalableSweeps,com.nbcd.Test.TCScalableSweeps_Desktop_Copychangesigninsweeps6034,No,Grid,Chrome,64,Windows,7
Identity,com.nbcd.Test.TCIdentity_Verify_Signincopychanges6032,No,Grid,Chrome,64,Windows,7
Identity,com.nbcd.Test.TCIdentity_Verify_Signincopychanges_tab6035,No,IPAD,TRUE,64,iPad Pro,11.2
Identity,com.nbcd.Test.TCIdentity_Verify_Signincopychanges_mob6033,No,IPHONE,TRUE,64,iPhone 7 Plus,10.3
ShowVideoDetailPage,com.nbcd.Test.TCShowVideoDetailPage_Desktop_NBCRESP_6531,No,Chrome,Chrome,64,Windows,7
GlobalHome Page,com.nbcd.Test.TCGlobalHomePage_Verify_NBCRESP_6507,No,Grid,Chrome,64,Windows,7
Identity,com.nbcd.Test.TCIdentity_Verify_NBCRESP_5942,No,Grid,Chrome,64,Windows,7
Identity,com.nbcd.Test.TCIdentity_Tab_ordering_favorites_functionality_NBCRESP_6425,No,IPAD,TRUE,64,iPad Pro,11.2
ContactUs,com.nbcd.Test.TCContact_Mobile_MistypeurlcontactusredirectsContactUs_NBCRESP_6030,No,IPHONE,TRUE,64,iPhone 7 Plus,10.3
Identity,com.nbcd.Test.TCIdentity_Desktop_ordering_favorites_functionality_NBCRESP_6423,No,Grid,Chrome,64,Windows,7
GlobalHome Page,com.nbcd.Test.TCGlobalHomePage_Desktop_Verify_ZendesktokenblacklistedNBCRESP_2358,No,Grid,Chrome,64,Windows,7
GlobalHome Page,com.nbcd.Test.TCAppsLandingPage_VerifyAppstorenav6544,No,Grid,Chrome,64,Windows,7
GlobalHome Page,com.nbcd.Test.TCAppsLandingPage_Mob_VerifyAppstorenav6545,No,IPHONE,TRUE,64,iPhone 7 Plus,10.3
GlobalHome Page,com.nbcd.Test.TCAppsLandingPage_Tab_VerifyAppstorenav6546,No,IPAD,TRUE,64,iPad Pro,11.2
GlobalHome Page,com.nbcd.Test.TCGlobalHomePage_Verify_NBCRESP_6584,No,Grid,Chrome,64,Windows,7
GlobalHome Page,com.nbcd.Test.TCGlobalHomePage_Verify_NBCRESP_6583,No,Grid,Chrome,64,Windows,7
ShowvideoDetailPage,com.nbcd.Test.TCShowVideoDetailPage_NBCRESP_2930,No,Chrome,Chrome,64,Windows,7
Showinner,com.nbcd.Test.TCShowInnerEpisode_BodyAd_3744,No,Grid,Chrome,64,Windows,7
ShowVideoDetailPage,com.nbcd.Test.TCShowVideoDetailPage_NBCRESP_3839,No,Chrome,Chrome,64,Windows,7
Guest calender,com.nbcd.Test.TCTSJFGuestDetailPage_Verify_NBCRESP_4108_Mobile,No,IPHONE,TRUE,64,iPhone 7 Plus,10.3
TSJF,com.nbcd.Test.TCTSJFGuestDetailPage_Tab_GuestDetailsArea_2215,No,IPAD,TRUE,64,iPad Pro,11.2
TSJF,com.nbcd.Test.TCTSJFGuestDetailPage_Tab_GuestDetailsArea_2220,No,IPAD,TRUE,64,iPad Pro,11.2
TSJF,com.nbcd.Test.TCTSJFGuestDetailPage_Mobile_VerifyGuestcarousescrolling_NBCRESP_4106,No,IPHONE,TRUE,64,iPhone 7 Plus,10.3
ShowVideoDetailPage,com.nbcd.Test.TCShowVideoDetailPage_NBCRESP_1654,No,IPHONE,TRUE,64,iPhone 7 Plus,10.3
Guest calender,com.nbcd.Test.TCTSJFGuestDetailPage_Verify_NBCRESP_2230,No,IPHONE,TRUE,64,iPhone 7 Plus,10.3
Search,com.nbcd.Test.TCSeachPage_Tab_NBCRESP_3185,No,IPAD,TRUE,64,iPad Pro,11.2
GlobalHomePage,com.nbcd.Test.TCGlobalHomePage_Verify_NBCRESP_6766,No,Grid,Chrome,64,Windows,7
GlobalHomePage,com.nbcd.Test.TCGlobalHomePage_Verify_NBCRESP_Mobile_6769,No,IPHONE,TRUE,64,iPhone 7 Plus,10.3
GlobalHomePage,com.nbcd.Test.TCGlobalHomePage_Verify_NBCRESP_Tab_6772,No,IPAD,TRUE,64,iPad Pro,11.2
GlobalHomePage,com.nbcd.Test.TCGlobalHomePage_Global_Toppicks_Desktop,No,Grid,Chrome,64,Windows,7
GlobalHomePage,com.nbcd.Test.TCGlobalHomePage_Global_Toppicks_DesktopValidation,No,Grid,Chrome,64,Windows,7
GlobalHomePage,com.nbcd.Test.TCGlobalHomePage_Verify_NBCRESP_Mobile_6767,No,IPHONE,TRUE,64,iPhone 7 Plus,10.3
GlobalHomePage,com.nbcd.Test.TCGlobalHomePage_Verify_NBCRESP_Tab_6770,No,IPAD,TRUE,64,iPad Pro,11.2
GlobalHomePage,com.nbcd.Test.TCGlobalHomePage_Verify_NBCRESP_6762,No,Grid,Chrome,64,Windows,7
Pub7,com.nbcd.Test.TCTSJFGuestDetailPage_Verify_NBCRESP_4113,Yes,Chrome,Chrome,63,Windows,7
Pub7,com.nbcd.Test.TCPub7BreakingNewsBars_VerifyShowNameTuneinAlertvalues_NBCRESP_3699,No,Chrome,Chrome,63,Windows,7
Pub7,com.nbcd.Test.TCPub7_pub7Newoptions5944,No,Chrome,Chrome,63,Windows,7
Pub7,com.nbcd.Test.TCAllShowsPage_ClipsHidesalesFunctionality_NBCRESP_3782,No,Chrome,Chrome,63,Windows,7
Pub7,com.nbcd.Test.TCPub7BreakingNewsBars_VerifySHOWSDropdrowncontainslistofshows_NBCRESP_3773_PreReq,No,Chrome,Chrome,63,Windows,7
Pub7,com.nbcd.Test.TCPub7BreakingNewsBars_VerifyCollectionshelvesonthefrontendappear_NBCRESP_3591_PreReq,No,Chrome,Chrome,63,Windows,7
Pub7,com.nbcd.Test.TCPub7BreakingNewsBars_VerifyCollectionshelvesonthefrontendappear_NBCRESP_3718_PreReq,No,Chrome,Chrome,63,Windows,7
Pub7,com.nbcd.Test.TCPub7BreakingNewsBars_Verify_NBCRESP_3651,No,Chrome,Chrome,63,Windows,7
Pub7,com.nbcd.Test.TCPub7BreakingNewsBars_Verify_NBCRESP_3650,No,Chrome,Chrome,63,Windows,7
Pub7,com.nbcd.Test.TCPub7BreakingNewsBars_Verify_NBCRESP_3722_PreReq,No,Chrome,Chrome,63,Windows,7
Pub7,com.nbcd.Test.TCPub7BreakingNewsBars_Verify_NBCRESP_3722_Mobile,No,Grid,TRUE,No,iPhone 7 Plus,10.3
Pub7,com.nbcd.Test.TCPub7BreakingNewsBars_Verify_NBCRESP_3735_Tab,No,Grid,TRUE,No,iPad Pro,11.2
identity,com.nbcd.Test.TCIdentity_Verify_SimpleSignin,No,Grid,Chrome,64,Windows,7
GlobalHomePage,com.nbcd.Test.TCGlobalHomePage_Verify_NBCRESP_6765,No,Grid,Chrome,64,Windows,7
GlobalHomePage,com.nbcd.Test.TCGlobalHomePage_Verify_NBCRESP_Tab_6771,No,IPAD,TRUE,64,iPad Pro,11.2
GlobalHomePage,com.nbcd.Test.TCGlobalHomePage_Verify_NBCRESP_Mobile_6768,No,IPHONE,TRUE,64,iPhone 7 Plus,10.3
Pub7,com.nbcd.Test.TCPub701_Verify_NBCRESP_6322_PreReq,No,Chrome,Chrome,63,Windows,7
GlobalHome Page,com.nbcd.Test.TCGlobalHomePage_Global_Toppicks_TabValidation,No,IPAD,TRUE,64,iPad Pro,11.2
GlobalHome Page,com.nbcd.Test.TCGlobalHomePage_Global_Toppicks_MobileValidation,No,IPHONE,TRUE,64,iPhone 7 Plus,10.3
GlobalHome Page,com.nbcd.Test.TCGlobalHomePage_Global_Toppicks_Mob,No,IPHONE,TRUE,64,iPhone 7 Plus,10.3
GlobalHome Page,com.nbcd.Test.TCGlobalHomePage_Global_Toppicks_Tab,No,IPAD,TRUE,64,iPad Pro,11.2
ScalableSweeps,com.nbcd.Test.TCScalableSweeps_Mobile_6655,No,ANDROIDPHONE,TRUE,64,Samsung Galaxy S8 Plus,7
ScalableSweeps,com.nbcd.Test.TCScalableSweeps_Mobile_6656,No,ANDROIDPHONE,TRUE,64,Samsung Galaxy S8 Plus,7
Pub7,com.nbcd.Test.TCPub701_Verify_NBCRESP_6316_PreReq,No,Chrome,Chrome,63,Windows,7
Pub7,com.nbcd.Test.TCPub7BreakingNewsBarsPub7_6319,No,Chrome,Chrome,63,Windows,7
Identity,com.nbcd.Test.TCIdentity_Verify_NBCRESP_Tab_6927,No,IPHONE,TRUE,64,iPhone 7 Plus,10.3
identity,com.nbcd.Test.TCIdentity_Verify_NBCRESP_Mobile_6926,No,IPHONE,TRUE,64,iPhone 7 Plus,10.3
identity,com.nbcd.Test.TCIdentity_Verify_NBCRESP_Desktop_6925,No,Grid,Chrome,64,Windows,7
Scalablesales,com.nbcd.Test.TCScalableSweeps_Desktop_verify_6884,No,Grid,Chrome,64,Windows,7
Pub7,com.nbcd.Test.TCPub701_Verify_NBCRESP_6324_PreReq,No,Chrome,Chrome,63,Windows,7
Networkidentity,com.nbcd.Test.TCIdentity_Verify_NBCRESP_6830,No,Grid,Chrome,64,Windows,7
Networkidentity,com.nbcd.Test.TCIdentity_Verify_NBCRESP_6828,No,Grid,Chrome,64,Windows,7
Networkidentity,com.nbcd.Test.TCIdentity_Verify_NBCRESP_6826,No,Grid,Chrome,64,Windows,7
Networkidentity,com.nbcd.Test.TCIdentity_Verify_NBCRESP_6824,No,Grid,Chrome,64,Windows,7
Pub7,com.nbcd.Test.TCPub701_Verify_NBCRESP_3453_PreReq,No,Chrome,Chrome,63,Windows,7
Networkidentity,com.nbcd.Test.TCIdentity_Verify_NBCRESP_6822,No,Grid,Chrome,64,Windows,7
Networkidentity,com.nbcd.Test.TCIdentity_Verify_NBCRESP_6820,No,Grid,Chrome,64,Windows,7
Networkidentity,com.nbcd.Test.TCIdentity_Verify_NBCRESP_6818,No,Grid,Chrome,64,Windows,7
Networkidentity,com.nbcd.Test.TCIdentity_Verify_NBCRESP_6816,No,Grid,Chrome,64,Windows,7
Pub7,com.nbcd.Test.TCPub701_Verify_NBCRESP_3452_PreReq,No,Chrome,Chrome,63,Windows,7
Pub7,com.nbcd.Test.TCPub7_Verify_8738,No,Chrome,Chrome,63,Windows,7
Pub7,com.nbcd.Test.TCPub7_Verify_Marketingband6321_prereq,No,Chrome,Chrome,63,Windows,7
Pub7,com.nbcd.Test.TCPub701_Verify_NBCRESP_3451_PreReq,No,Chrome,Chrome,63,Windows,7
Pub7,com.nbcd.Test.TCPub701_Verify_NBCRESP_3450_PreReq,No,Chrome,Chrome,63,Windows,7
Pub7,com.nbcd.Test.TCPub701_Verify_NBCRESP_6325_PreReq,No,Chrome,Chrome,63,Windows,7
Pub7,com.nbcd.Test.TCPub701_Verify_NBCRESP_3417_PreReq,No,Chrome,Chrome,63,Windows,7
Pub7,com.nbcd.Test.TCPub701_Verify_NBCRESP_3415_PreReq,No,Chrome,Chrome,63,Windows,7
Pub7,com.nbcd.Test.TCPub701_Verify_NBCRESP_3412_PreReq,No,Chrome,Chrome,63,Windows,7
Pub7,com.nbcd.Test.TCPub7_Verify_8758,No,Chrome,Chrome,63,Windows,7
Pub7,com.nbcd.Test.TCPub701_Verify_NBCRESP_3413_PreReq,No,Chrome,Chrome,63,Windows,7
Pub7,com.nbcd.Test.TCPub701_Verify_NBCRESP_3403_PreReq,No,Chrome,Chrome,63,Windows,7
Pub7,com.nbcd.Test.TCPub701_Verify_NBCRESP_3414_PreReq,No,Chrome,Chrome,63,Windows,7
Pub7,com.nbcd.Test.TCPub701_Verify_NBCRESP_6326_PreReq,No,Chrome,Chrome,63,Windows,7
Pub7,com.nbcd.Test.TCPub701_Verify_NBCRESP_6350,No,Chrome,Chrome,63,Windows,7
Pub7,com.nbcd.Test.TCPub701_Verify_NBCRESP_3406_PreReq,No,Chrome,Chrome,63,Windows,7
Pub7,com.nbcd.Test.TCPub701_Verify_NBCRESP_3405_PreReq,No,Chrome,Chrome,63,Windows,7
Pub7,com.nbcd.Test.TCPub701_Verify_NBCRESP_3416_PreReq,No,Chrome,Chrome,63,Windows,7
Pub7,com.nbcd.Test.TCPub701_Verify_NBCRESP_3418_PreReq,No,Chrome,Chrome,63,Windows,7
Pub7,com.nbcd.Test.TCPub701_Verify_NBCRESP_3407_PreReq,No,Chrome,Chrome,63,Windows,7
Pub7,com.nbcd.Test.TCPub701_Verify_DBB_8759,No,Chrome,Chrome,63,Windows,7
Pub7,com.nbcd.Test.TCPub701_Verify_DBB_8760,No,Chrome,Chrome,63,Windows,7
Pub7,com.nbcd.Test.TCPub701_Verify_DBB_8761,No,Chrome,Chrome,63,Windows,7
Pub7,com.nbcd.Test.TCPub701_Verify_NBCRESP_3457_PreReq,No,Chrome,Chrome,63,Windows,7
Pub7,com.nbcd.Test.TCPub701_Verify_NBCRESP_3401_PreReq,No,Chrome,Chrome,63,Windows,7
Pub7,com.nbcd.Test.TCPub701_Verify_NBCRESP_3399_PreReq,No,Chrome,Chrome,63,Windows,7
Pub7,com.nbcd.Test.TCPub701_Verify_NBCRESP_3411_PreReq,No,Chrome,Chrome,63,Windows,7
Pub7,com.nbcd.Test.TCPub701_Verify_NBCRESP_3408_PreReq,No,Chrome,Chrome,63,Windows,7
VideoPlayer,com.nbcd.Test.TCVideoplayer_Verifyccaptionsclips_3371,No,Chrome,Chrome,63,Windows,7
VideoPlayer,com.nbcd.Test.TCVideoPlayer_Verifyccaptions_3381,No,Chrome,Chrome,63,Windows,7
VideoPlayer,com.nbcd.Test.TCVideoPlayer_Verifyccaptionsonoff_3372,No,Chrome,Chrome,64,Windows,7
VideoPlayer,com.nbcd.Test.TCVideoPlayer_VerifyccaptionsBackopac_3380,No,Chrome,Chrome,64,Windows,7
VideoPlayer,com.nbcd.Test.TCVideoPlayer_VerifyccaptionsBackclr_3379,No,Chrome,Chrome,64,Windows,7
VideoPlayer,com.nbcd.Test.TCVideoPlayer_VerifyccaptionsBorderclr_3378,No,Chrome,Chrome,64,Windows,7
VideoPlayer,com.nbcd.Test.TCVideoPlayer_Verifyccaptionstxtbckopac_3376,No,Chrome,Chrome,64,Windows,7
VideoPlayer,com.nbcd.Test.TCVideoPlayer_VerifyFontclr_3375,No,Chrome,Chrome,64,Windows,7
VideoPlayer,com.nbcd.Test.TCVideoPlayer_VerifyFontsize_3374,No,Chrome,Chrome,64,Windows,7
VideoPlayer,com.nbcd.Test.TCVideoPlayer_VerifyFontTYPE_3373,No,Chrome,Chrome,64,Windows,7
VideoPlayer,com.nbcd.Test.TCVideoPlayer_LivePlayerValidate_3332,No,Chrome,Chrome,64,Windows,7
VideoPlayer,com.nbcd.Test.TCVideoPlayer_Verify_NBCRESP_3389,No,Chrome,Chrome,64,Windows,7
VideoPlayer,com.nbcd.Test.TCVideoPlayer_Verify_Scrub_functionality_5895,No,Chrome,Chrome,64,Windows,7
VideoPlayer,com.nbcd.Test.TCVideoPlayer_Verify_Videoplayback_3330,No,Chrome,Chrome,64,Windows,7
VideoPlayer,com.nbcd.Test.TCVideoPlayer_Verify_Videoplayback_3362,No,Chrome,Chrome,64,Windows,7
VideoPlayer,com.nbcd.Test.TCVideoPlayer_VerifyAdgrace_3383,No,Chrome,Chrome,64,Windows,7
VideoPlayer,com.nbcd.Test.TCVideoPlayer_verifyAutoplaofClips3370,No,Chrome,Chrome,64,Windows,7
VideoPlayer,com.nbcd.Test.TCVideoPlayer_verifyAutoplaofepisodes3369,No,Chrome,Chrome,64,Windows,7
VideoPlayer,com.nbcd.Test.TCVideoPlayer_VerifyccaptionsBrdrclr_3348,No,Chrome,Chrome,64,Windows,7
VideoPlayer,com.nbcd.Test.TCVideoPlayer_Verifycontinuewatching_5659,No,Chrome,Chrome,64,Windows,7
VideoPlayer,com.nbcd.Test.TCVideoPlayer_Verifycontinuewatching_5888,No,Chrome,Chrome,64,Windows,7
VideoPlayer,com.nbcd.Test.TCVideoPlayer_Verifycontinuewatching_5890,No,Chrome,Chrome,64,Windows,7
VideoPlayer,com.nbcd.Test.TCVideoPlayer_VerifyLivetoauth_7121,No,Chrome,Chrome,64,Windows,7
VideoPlayer,com.nbcd.Test.TCVideoPlayer_VerifyMidrollad_5894,No,Chrome,Chrome,64,Windows,7
VideoPlayer,com.nbcd.Test.TCVideoPlayer_Verifyplayercontrols_clips_3363,No,Chrome,Chrome,64,Windows,7
VideoPlayer,com.nbcd.Test.TCVideoPlayer_VerifyPrerollad_5893,No,Chrome,Chrome,64,Windows,7
Pub7,com.nbcd.Test.TCPub701_Verify_NBCRESP_3400_PreReq,No,Chrome,Chrome,63,Windows,7
Pub7,com.nbcd.Test.TCPub703_Verify_NBCRESP_3402_PreReq,No,Chrome,Chrome,63,Windows,7
Pub7,com.nbcd.Test.TCPub701_Verify_NBCRESP_3398_PreReq,No,Chrome,Chrome,63,Windows,7
Pub7,com.nbcd.Test.TCPub701_Verify_NBCRESP_6320_PreReq,No,Chrome,Chrome,63,Windows,7
Pub7,com.nbcd.Test.TCPub701_Verify_NBCRESP_6320,No,Chrome,Chrome,63,Windows,7
Pub7,com.nbcd.Test.TCPub701_Verify_DBB_8737,No,Chrome,Chrome,63,Windows,7
Pub7,com.nbcd.Test.TCPub703_Verify_NBCRESP_6314_PreReq,No,Chrome,Chrome,63,Windows,7
Pub7,com.nbcd.Test.TCPub703_Verify_NBCRESP_6314,No,Chrome,Chrome,63,Windows,7
Pub7,com.nbcd.Test.TCPub703_Verify_NBCRESP_6315_PreReq,No,Chrome,Chrome,63,Windows,7
Pub7,com.nbcd.Test.TCPub703_Verify_NBCRESP_6315,No,Chrome,Chrome,63,Windows,7
Pub7,com.nbcd.Test.TCPub703_Verify_NBCRESP_6313_PreReq,No,Chrome,Chrome,63,Windows,7
Pub7,com.nbcd.Test.TCPub703_Verify_NBCRESP_6313,No,Chrome,Chrome,63,Windows,7
Pub7,com.nbcd.Test.TCPub703_Verify_NBCRESP_6318_PreReq,No,Chrome,Chrome,63,Windows,7
Pub7,com.nbcd.Test.TCPub703_Verify_NBCRESP_6318,No,Chrome,Chrome,63,Windows,7
ScalableSweeps,com.nbcd.Test.TCScalableSweeps_Mobile_NBCRESP_3225,No,ANDROIDPHONE,TRUE,64,Samsung Galaxy S8 Plus,7
ScalableSweeps,com.nbcd.Test.TCScalableSweeps_Mobile_NBCRESP_3224,No,ANDROIDPHONE,TRUE,64,Samsung Galaxy S8 Plus,7
ScalableSweeps,com.nbcd.Test.TCScalableSweeps_Tab_NBCRESP_3276,No,ANDROIDTAB,TRUE,64,Samsung Galaxy Note 4,6
ScalableSweeps,com.nbcd.Test.TCScalableSweeps_Mobile_NBCRESP_3209,No,ANDROIDPHONE,TRUE,64,Samsung Galaxy S8 Plus,7
ScalableSweeps,com.nbcd.Test.TCScalableSweeps_Tab_NBCRESP_3221,No,ANDROIDTAB,TRUE,64,Samsung Galaxy Note 4,6
ScalableSweeps,com.nbcd.Test.TCScalableSweeps_Mobile_NBCRESP_3204,No,ANDROIDPHONE,TRUE,64,Samsung Galaxy S8 Plus,7
ScalableSweeps,com.nbcd.Test.TCScalableSweeps_Tab_NBCRESP_3277,No,ANDROIDTAB,TRUE,64,Samsung Galaxy Note 4,6
ShowVideoDetailPage,com.nbcd.Test.TCShowVideoDetailPage_Mobile_Verify_NBCRESP_1436,No,ANDROIDPHONE,TRUE,64,Samsung Galaxy S8 Plus,7
ShowVideoDetailPage,com.nbcd.Test.TCShowVideoDetailPage_Mobile_Android_NBCRESP_2569,No,ANDROIDPHONE,TRUE,64,Samsung Galaxy S8 Plus,7
VideoPlayer,com.nbcd.Test.TCVideoPlayer_Mobile_Verify_NBCRESP_3330,No,ANDROIDPHONE,TRUE,64,Samsung Galaxy S8 Plus,7
VideoPlayer,com.nbcd.Test.TCVideoPlayer_Mobile_Verify_NBCRESP_3362,No,ANDROIDPHONE,TRUE,64,Samsung Galaxy S8 Plus,7
VideoPlayer,com.nbcd.Test.TCVideoPlayer_Mobile_Verify_NBCRESP_3363,No,ANDROIDPHONE,TRUE,64,Samsung Galaxy S8 Plus,7
VideoPlayer,com.nbcd.Test.TCVideoPlayer_Mobile_Verify_NBCRESP_3371,No,ANDROIDPHONE,TRUE,64,Samsung Galaxy S8 Plus,7
VideoPlayer,com.nbcd.Test.TCVideoPlayer_Mobile_Verify_NBCRESP_3372,No,ANDROIDPHONE,TRUE,64,Samsung Galaxy S8 Plus,7
VideoPlayer,com.nbcd.Test.TCVideoPlayer_Mobile_Verify_NBCRESP_3381,No,ANDROIDPHONE,TRUE,64,Samsung Galaxy S8 Plus,7
VideoPlayer,com.nbcd.Test.TCVideoPlayer_Mobile_Verify_NBCRESP_3383,No,ANDROIDPHONE,TRUE,64,Samsung Galaxy S8 Plus,7
VideoPlayer,com.nbcd.Test.TCVideoPlayer_Mobile_Verify_NBCRESP_3389,No,ANDROIDPHONE,TRUE,64,Samsung Galaxy S8 Plus,7
VideoPlayer,com.nbcd.Test.TCVideoPlayer_Mobile_Verify_NBCRESP_5893,No,ANDROIDPHONE,TRUE,64,Samsung Galaxy S8 Plus,7
VideoPlayer,com.nbcd.Test.TCVideoPlayer_Mobile_Verify_NBCRESP_5894,No,ANDROIDPHONE,TRUE,64,Samsung Galaxy S8 Plus,7
VideoPlayer,com.nbcd.Test.TCVideoPlayer_Mobile_Verify_NBCRESP_5895,No,ANDROIDPHONE,TRUE,64,Samsung Galaxy S8 Plus,7
VideoPlayer,com.nbcd.Test.TCVideoPlayer_Mobile_Verify3369,No,ANDROIDPHONE,TRUE,64,Samsung Galaxy S8 Plus,7
VideoPlayer,com.nbcd.Test.TCVideoPlayer_Mobile_verifyAutoplaofClips3370,No,ANDROIDPHONE,TRUE,64,Samsung Galaxy S8 Plus,7
VideoPlayer,com.nbcd.Test.TCVideoPlayer_Mobile_Verifycontinuewatching_5659,No,ANDROIDPHONE,TRUE,64,Samsung Galaxy S8 Plus,7
VideoPlayer,com.nbcd.Test.TCVideoPlayer_Mobile_Verifycontinuewatching5888,No,ANDROIDPHONE,TRUE,64,Samsung Galaxy S8 Plus,7
VideoPlayer,com.nbcd.Test.TCVideoPlayer_Mobile_Verifycontinuewatching5890,No,ANDROIDPHONE,TRUE,64,Samsung Galaxy S8 Plus,7
VideoPlayer,com.nbcd.Test.TCVideoPlayer_Mobile_Verifyplayercontrols_episodes_3382,No,ANDROIDPHONE,TRUE,64,Samsung Galaxy S8 Plus,7
VideoPlayer,com.nbcd.Test.TCVideoPlayer_Mobile_Verify_NBCRESP_3330,No,ANDROIDTAB,TRUE,64,Samsung Galaxy Note 4,6
VideoPlayer,com.nbcd.Test.TCVideoPlayer_Mobile_Verify_NBCRESP_3362,No,ANDROIDTAB,TRUE,64,Samsung Galaxy Note 4,6
VideoPlayer,com.nbcd.Test.TCVideoPlayer_Mobile_Verify_NBCRESP_3363,No,ANDROIDTAB,TRUE,64,Samsung Galaxy Note 4,6
VideoPlayer,com.nbcd.Test.TCVideoPlayer_Mobile_Verify_NBCRESP_3371,No,ANDROIDTAB,TRUE,64,Samsung Galaxy Note 4,6
VideoPlayer,com.nbcd.Test.TCVideoPlayer_Mobile_Verify_NBCRESP_3372,No,ANDROIDTAB,TRUE,64,Samsung Galaxy Note 4,6
VideoPlayer,com.nbcd.Test.TCVideoPlayer_Mobile_Verify_NBCRESP_3381,No,ANDROIDTAB,TRUE,64,Samsung Galaxy Note 4,6
VideoPlayer,com.nbcd.Test.TCVideoPlayer_Mobile_Verify_NBCRESP_3383,No,ANDROIDTAB,TRUE,64,Samsung Galaxy Note 4,6
VideoPlayer,com.nbcd.Test.TCVideoPlayer_Mobile_Verify_NBCRESP_3389,No,ANDROIDTAB,TRUE,64,Samsung Galaxy Note 4,6
VideoPlayer,com.nbcd.Test.TCVideoPlayer_Mobile_Verify_NBCRESP_5893,No,ANDROIDTAB,TRUE,64,Samsung Galaxy Note 4,6
VideoPlayer,com.nbcd.Test.TCVideoPlayer_Mobile_Verify_NBCRESP_5894,No,ANDROIDTAB,TRUE,64,Samsung Galaxy Note 4,6
VideoPlayer,com.nbcd.Test.TCVideoPlayer_Mobile_Verify_NBCRESP_5895,No,ANDROIDTAB,TRUE,64,Samsung Galaxy Note 4,6
VideoPlayer,com.nbcd.Test.TCVideoPlayer_Mobile_Verify3369,No,ANDROIDTAB,TRUE,64,Samsung Galaxy Note 4,6
VideoPlayer,com.nbcd.Test.TCVideoPlayer_Mobile_verifyAutoplaofClips3370,No,ANDROIDTAB,TRUE,64,Samsung Galaxy Note 4,6
VideoPlayer,com.nbcd.Test.TCVideoPlayer_Mobile_Verifycontinuewatching_5659,No,ANDROIDTAB,TRUE,64,Samsung Galaxy Note 4,6
VideoPlayer,com.nbcd.Test.TCVideoPlayer_Mobile_Verifycontinuewatching5888,No,ANDROIDTAB,TRUE,64,Samsung Galaxy Note 4,6
VideoPlayer,com.nbcd.Test.TCVideoPlayer_Mobile_Verifycontinuewatching5890,No,ANDROIDTAB,TRUE,64,Samsung Galaxy Note 4,6
VideoPlayer,com.nbcd.Test.TCVideoPlayer_Mobile_Verifyplayercontrols_episodes_3382,No,ANDROIDTAB,TRUE,64,Samsung Galaxy Note 4,6
showhomepage,com.nbcd.Test.TCShowHomePage_Startwatching7604,No,Grid,Chrome,64,Windows,7
showhomepage,com.nbcd.Test.TCShowHomePage_MobStartWatching7605,No,ANDROIDPHONE,TRUE,64,Samsung Galaxy S8 Plus,7
showhomepage,com.nbcd.Test.TCShowHomePage_TabStartWatching7606,No,ANDROIDTAB,TRUE,64,Samsung Galaxy Note 4,6
showhomepage,com.nbcd.Test.TCShowHomePage_Watchlatest7610,No,Grid,Chrome,64,Windows,7
showhomepage,com.nbcd.Test.TCShowHomePage_MobWatchLatest7611,No,ANDROIDPHONE,TRUE,64,Samsung Galaxy S8 Plus,7
showhomepage,com.nbcd.Test.TCShowHomePage_TabWatchLatest7612,No,ANDROIDTAB,TRUE,64,Samsung Galaxy Note 4,6
showhomepage,com.nbcd.Test.TCShowHomePage_MobVerifyBadge7721,No,ANDROIDPHONE,TRUE,64,Samsung Galaxy S8 Plus,7
showhomepage,com.nbcd.Test.TCShowHomePage_TabVerifyBadge7720,No,ANDROIDPHONE,TRUE,64,Samsung Galaxy S8 Plus,7
showhomepage,com.nbcd.Test.TCShowHomePage_VerifyBadge7719,No,ANDROIDTAB,TRUE,64,Samsung Galaxy Note 4,6
showvideo,com.nbcd.Test.TCShowhomepageVerify_NBCRESP_7445,No,Chrome,Chrome,64,Windows,7
showvideo,com.nbcd.Test.TCShowhomepage_Mob_Verify_NBCRESP_7446,No,ANDROIDPHONE,TRUE,64,Samsung Galaxy S8 Plus,7
showvideo,com.nbcd.Test.TCShowhomepage_Tab_Verify_NBCRESP_7446,No,ANDROIDTAB,TRUE,64,Samsung Galaxy Note 4,6
showvideo,com.nbcd.Test.TCShowhomepageVerify_NBCRESP_7442,No,Chrome,Chrome,64,Windows,7
showvideo,com.nbcd.Test.TCShowVideoDetailPage_Mobile_NBCRESP_7444,No,ANDROIDPHONE,TRUE,64,Samsung Galaxy S8 Plus,7
showvideo,com.nbcd.Test.TCShowVideoDetailPage_Tab_NBCRESP_7444,No,ANDROIDTAB,TRUE,64,Samsung Galaxy Note 4,6
showvideo,com.nbcd.Test.TCShowHomePage_Verify_NBCRESP_7455,No,ANDROIDPHONE,TRUE,64,Samsung Galaxy S8 Plus,7
showvideo,com.nbcd.Test.TCShowHomePage_Verify_NBCRESP_7456,No,ANDROIDTAB,TRUE,64,Samsung Galaxy Note 4,6
showvideo,com.nbcd.Test.TCShowHomePage_Verify_NBCRESP_7622,No,Chrome,Chrome,64,Windows,7
showvideo,com.nbcd.Test.TCShowHomePage_Mob_Verify_NBCRESP_7623,No,ANDROIDPHONE,TRUE,64,Samsung Galaxy S8 Plus,7
showvideo,com.nbcd.Test.TCShowHomePage_Tab_Verify_NBCRESP_7624,No,ANDROIDTAB,TRUE,64,Samsung Galaxy Note 4,6
showvideo,com.nbcd.Test.TCShowHomePage_Verify_NBCRESP_7619,No,Chrome,Chrome,64,Windows,7
showvideo,com.nbcd.Test.TCShowHomePage_Mobile_Verify_NBCRESP_7620,No,ANDROIDPHONE,TRUE,64,Samsung Galaxy S8 Plus,7
showvideo,com.nbcd.Test.TCShowHomePage_Tab_Verify_NBCRESP_7621,No,ANDROIDTAB,TRUE,64,Samsung Galaxy Note 4,6
showvideo,com.nbcd.Test.TCShowHomePage_Verify_NBCRESP_7722,No,Chrome,Chrome,64,Windows,7
showvideo,com.nbcd.Test.TCShowHomePage_Mobile_Verify_NBCRESP_7724,No,ANDROIDPHONE,TRUE,64,Samsung Galaxy S8 Plus,7
showvideo,com.nbcd.Test.TCShowHomePage_Tab_Verify_NBCRESP_7723,No,ANDROIDTAB,TRUE,64,Samsung Galaxy Note 4,6
showvideo,com.nbcd.Test.TCShowVideoDetailPage_Verify_7338,No,Chrome,Chrome,64,Windows,7
showvideo,com.nbcd.Test.TCShowHomePage_WatchNext_7616,No,Chrome,Chrome,64,Windows,7
showvideo,com.nbcd.Test.TCShowHomePage_MobWatchNext_7617,No,ANDROIDPHONE,TRUE,64,Samsung Galaxy S8 Plus,7
showvideo,com.nbcd.Test.TCShowHomePage_TabWatchNext_7618,No,ANDROIDTAB,TRUE,64,Samsung Galaxy Note 4,6
showhome,com.nbcd.Test.TCShowHomePage_Verify_7607,No,Grid,Chrome,64,Windows,7
showvideo,com.nbcd.Test.TCShowHomePage_MobCW7608,No,ANDROIDPHONE,TRUE,64,Samsung Galaxy S8 Plus,7
showvideo,com.nbcd.Test.TCShowHomePage_TabCW7609,No,ANDROIDTAB,TRUE,64,Samsung Galaxy Note 4,6
showvideo,com.nbcd.Test.TCShowHomePage_WatchAgain_7613,No,Chrome,Chrome,64,Windows,7
showvideo,com.nbcd.Test.TCShowHomePage_MobWatchAgain_7614,No,ANDROIDPHONE,TRUE,64,Samsung Galaxy S8 Plus,7
showvideo,com.nbcd.Test.TCShowHomePage_TabWatchAgain_7615,No,ANDROIDTAB,TRUE,64,Samsung Galaxy Note 4,6
showhomepage,com.nbcd.Test.TCShowHomePage_Verify_NBCRESP_7475,No,Grid,Chrome,64,Windows,7
showhomepage,com.nbcd.Test.TCShowHomePage_Verify_NBCRESP_7472,No,Grid,Chrome,64,Windows,7
showhomepage,com.nbcd.Test.TCShowHomePage_Verify_NBCRESP_7469,No,Grid,Chrome,64,Windows,7
showhomepage,com.nbcd.Test.TCShowHomePage_Verify_NBCRESP_7462,No,Grid,Chrome,64,Windows,7
showhomepage,com.nbcd.Test.TCShowVideoDetailPage_NBCRESP_7265,No,Grid,Chrome,64,Windows,7
showhomepage,com.nbcd.Test.TCShowVideoDetailPage_NBCRESP_7264,No,Grid,Chrome,64,Windows,7
TSJF,com.nbcd.Test.TCTSJFGuestDetailPage_TSJFGuestHub_GuestLandingPage_NBCRESP_7860,No,Grid,Chrome,64,Windows,7
TSJF,com.nbcd.Test.TCTSJFGuestDetailPage_GuestDetailspage_NBCRESP_7758,No,Grid,Chrome,64,Windows,7
TSJF,com.nbcd.Test.TCTSJFGuestDetailsPage_VerifyCrawlability_DropdownSelectionShouldHaveUnique_href_7913,No,Grid,Chrome,64,Windows,7
TSJF,com.nbcd.Test.TCTSJFGuestDetailsPage_VerifyTSJFGuestHub_AllGuestCarousel_NBCRESP_7754,No,Grid,Chrome,64,Windows,7
TSJF,com.nbcd.Test.TCTSJFGuestDetailsPage_VerifyTSJFGuestHub_ClipsShelf_NBCRESP_7759,No,Grid,Chrome,64,Windows,7
TSJF,com.nbcd.Test.TCTSJFGuestDetailPage_VerifyTSJFGuestHub_DropDownMenuGuestCarousal_NBCRESP_7787,No,Grid,Chrome,64,Windows,7
TSJF,com.nbcd.Test.TCTSJFGuestDetailPage_VerifyTSJFGuestHub_GuestCarouselMovement_NBCRESP_7791,No,Grid,Chrome,64,Windows,7
TSJF,com.nbcd.Test.TCTSJFGuestDetailPage_TSJFGuestHub_GuestLandingPage_NBCRESP_7826,No,Grid,Chrome,64,Windows,7
TSJF,com.nbcd.Test.TCTSJFGuestDetailsPage_Verify_all_Recent_Guests_Urls_able_to_View_in_PageSource_NBCRESP_7887,No,Grid,Chrome,64,Windows,7
TSJF,com.nbcd.Test.TCTSJFGuestDetailPage_Verifycta_7722,No,Grid,Chrome,64,Windows,7
TSJF,com.nbcd.Test.TCTSJFGuestDetailPage_Verifycta_7723,No,IPAD,TRUE,64,iPad Pro,11.2
TSJF,com.nbcd.Test.TCTSJFGuestDetailPage_Verifyguesthub_7835,No,IPHONE,TRUE,64,iPhone 7 Plus,10.3
showhomepage2,com.nbcd.Test.TCShowHomePage_CDATA_format_episodes_title_Verify_NBCRESP_7910,No,Grid,Chrome,64,Windows,7
TSJF,com.nbcd.Test.TCTSJFGuestDetailPage_Mob_VerifyTSJFGuestHub_DropDownMenuGuestCarousal_NBCRESP_7790,No,ANDROIDPHONE,TRUE,64,Samsung Galaxy S8 Plus,7
TSJF,com.nbcd.Test.TCTSJFGuestDetailPage_Tab_VerifyTSJFGuestHub_DropDownMenuGuestCarousal_NBCRESP_7789,No,IPAD,TRUE,64,iPad Pro,11.2
globalHomePage,com.nbcd.Test.TCGlobalHomePage_Verify_Horizonatl_Scrolling_Shelves_NBCRESP_8227,No,IPHONE,TRUE,64,iPhone 7 Plus,10.3
PhotosDetailsPage,com.nbcd.Test.TCPhotosDetailsPage_Gallery_image_loading_NBCRESP_8180,No,Grid,Chrome,64,Windows,7
PhotosDetailsPage,com.nbcd.Test.TCPhotosDetailsPage_Mob_Gallery_image_loading_NBCRESP_8181,No,IPHONE,TRUE,64,iPhone 7 Plus,10.3
Showhome,com.nbcd.Test.TCTVE_Rollover_7897,No,Grid,Chrome,64,Windows,7
identity,com.nbcd.Test.TCIdentity_Verify_NBCRESP_7916,No,Grid,Chrome,64,Windows,7
identity,com.nbcd.Test.TCIdentity_Verify_Tab_NBCRESP_7918,No,ANDROIDTAB,TRUE,64,Samsung Galaxy Note 4,6
identity,com.nbcd.Test.TCIdentity_Verify_Mob_NBCRESP_7917,No,ANDROIDPHONE,TRUE,64,Samsung Galaxy S8 Plus,7
identity,com.nbcd.Test.TCIdentity_Mob_VerifySignupcoins_7880,No,ANDROIDPHONE,TRUE,64,Samsung Galaxy S8 Plus,7
identity,com.nbcd.Test.TCIdentity_Tab_VerifySignupcoins_7879,No,ANDROIDTAB,TRUE,64,Samsung Galaxy Note 4,6
TSJF,com.nbcd.Test.TCTSJFGuestDetailsPage_Verify_Converting_Guest_Calendar_Carousel_to_Flickity_NBCRESP_8394,No,Grid,Chrome,64,Windows,7
TSJF,com.nbcd.Test.TCTSJFGuestDetailsPage_Tab_Verify_Converting_Guest_Calendar_Carousel_to_Flickity_NBCRESP_8396,No,IPAD,TRUE,64,iPad Pro,11.2
GlobalHomePage,com.nbcd.Test.TCGlobalHomePage_Verify_Expand_Capitalization_Rewrite_Rule_in_URL_NBCRESP_8417,No,Grid,Chrome,64,Windows,7
GlobalHomePage,com.nbcd.Test.TCTVE_canonical_8414,No,Grid,Chrome,64,Windows,7
Identity,com.nbcd.Test.TCIdentity_Verify_emailpref_8407,No,Grid,Chrome,64,Windows,7
identity,com.nbcd.Test.TCIdentity_Verify_emailpref_8408,No,ANDROIDPHONE,TRUE,64,Samsung Galaxy S8 Plus,7
identity,com.nbcd.Test.TCIdentity_Verify_Password_Reset_Force_Lowercase_NBCRESP_8415,No,Grid,Chrome,64,Windows,7
VilynxClips,com.nbcd.Test.TCGlobalHomePage_Verify_Vilynx_Video_Preview_Implementation_NBCRESP_8405,No,Grid,Chrome,64,Windows,7
Pub7,com.nbcd.Test.TCPub701_Verify_NBCRESP_3404_PreReq,No,Chrome,Chrome,63,Windows,7
pub7Frontend,com.nbcd.Test.TCPub7BreakingNewsBars_VerifySHOWSDropdrowncontainslistofshows_NBCRESP_3773,No,Chrome,Chrome,63,Windows,7
Pub7,com.nbcd.Test.TCPub7BreakingNewsBars_VerifyCollectionshelvesonthefrontendappear_NBCRESP_3591,No,Chrome,Chrome,63,Windows,7
pub7Frontend,com.nbcd.Test.TCPub7BreakingNewsBars_VerifyCollectionshelvesonthefrontendappear_NBCRESP_3718,No,Chrome,Chrome,63,Windows,7
pub7Frontend,com.nbcd.Test.TCPub7Frontend_Verify_Coach_TvShow_PeacockImg_NBCREP_3417,No,Chrome,Chrome,63,Windows,7
pub7Frontend,com.nbcd.Test.TCPub7Frontend_Verify_Contestant_TvShow_PeacockImg_NBCREP_3415,No,Chrome,Chrome,63,Windows,7
pub7Frontend,com.nbcd.Test.TCPub7Frontend_Verify_Character_TvShow_PeacockImg_NBCREP_3416,No,Chrome,Chrome,63,Windows,7
pub7Frontend,com.nbcd.Test.TCPub7Frontend_Verify_Coach_TvShow_PeacockImg_NBCREP_3413,No,Chrome,Chrome,63,Windows,7
pub7Frontend,com.nbcd.Test.TCPub7Frontend_Verify_Contestant_TvShow_PeacockImg_NBCREP_3412,No,Chrome,Chrome,63,Windows,7
pub7Frontend,com.nbcd.Test.TCPub7Frontend_Verify_Character_TvShow_PeacockImg_NBCREP_3414,No,Chrome,Chrome,63,Windows,7
pub7Frontend,com.nbcd.Test.TCPub7Frontend_Verify_Trainer_TvShow_NBCREP_3404,No,Chrome,Chrome,63,Windows,7
pub7Frontend,com.nbcd.Test.TCPub7Frontend_Verify_Contestant_TvShow_NBCREP_3403,No,Chrome,Chrome,63,Windows,7
pub7Frontend,com.nbcd.Test.TCPub7Frontend_Verify_Character_TvShow_NBCREP_3402,No,Chrome,Chrome,63,Windows,7
pub7Frontend,com.nbcd.Test.TCPub7Frontend_Verify_Contestant_TvShow__Alldetails_NBCREP_3401,No,Chrome,Chrome,63,Windows,7
pub7Frontend,com.nbcd.Test.TCPub7Frontend_Verify_Trainer_TvShow_Alldetails_NBCREP_3400,No,Chrome,Chrome,63,Windows,7
pub7Frontend,com.nbcd.Test.TCPub7Frontend_Verify_Character_TvShow_withoutCharBio_NBCRESP_3399,No,Chrome,Chrome,63,Windows,7
pub7Frontend,com.nbcd.Test.TCPub7Frontend_Verify_Character_TvShow_withCharBio_NBCRESP_3398,No,Chrome,Chrome,63,Windows,7
pub7Frontend,com.nbcd.Test.TCPub7Frontend_Verify_Contestant_NewTvSeason_withNewTeam_NBCREP_3457,No,Chrome,Chrome,63,Windows,7
pub7Frontend,com.nbcd.Test.TCPub7Frontend_Verify_Contestant_TvSeason_withoutTeam_PeacockImg_NBCREP_3453,No,Chrome,Chrome,63,Windows,7
pub7Frontend,com.nbcd.Test.TCPub7Frontend_Verify_Coach_TvSeason_withoutTeam_PeacockImg_NBCREP_3451,No,Chrome,Chrome,63,Windows,7
pub7Frontend,com.nbcd.Test.TCPub7Frontend_Verify_Chacater_TvSeason_withTeam_PeacockImg_NBCREP_3418,No,Chrome,Chrome,63,Windows,7
pub7Frontend,com.nbcd.Test.TCPub7Frontend_Verify_Trainer_TvSeason_withoutTeam_NBCREP_3411,No,Chrome,Chrome,63,Windows,7
pub7Frontend,com.nbcd.Test.TCPub7Frontend_Verify_Coach_NewTvSeason_withNewTeam_NBCREP_3408,No,Chrome,Chrome,63,Windows,7
pub7Frontend,com.nbcd.Test.TCPub7Frontend_Verify_Trainer_TvSeason_withoutTeam_NBCREP_3407,No,Chrome,Chrome,63,Windows,7
pub7Frontend,com.nbcd.Test.TCPub7Frontend_Verify_Contestant_TvSeason_withTeam_NBCREP_3406,No,Chrome,Chrome,63,Windows,7
pub7Frontend,com.nbcd.Test.TCPub7Frontend_Verify_Chacater_TvSeason_withoutTeam_NBCREP_3405,No,Chrome,Chrome,63,Windows,7
pub7Frontend,com.nbcd.Test.TCPub7Frontend_Verify_Coach_TvSeason_withTeam_PeacockImg_NBCREP_3450,No,Chrome,Chrome,63,Windows,7
pub7Frontend,com.nbcd.Test.TCPub7Frontend_Verify_Contestant_TvSeason_withTeam_PeacockImg_NBCREP_3452,No,Chrome,Chrome,63,Windows,7
pub7Frontend,com.nbcd.Test.TCPub7Frontend_Verify_GuestBlock_LateNightwithSethMeyers_NBCREP_3437,No,Chrome,Chrome,63,Windows,7
pub7Frontend,com.nbcd.Test.TCPub7Frontend_Verify_ShowNav_CreditLandingPage_NBCREP_3396,No,Chrome,Chrome,63,Windows,7
pub7Frontend,com.nbcd.Test.TCPub7Frontend_Verify_ShowNav_CreditDetailsPage_NBCREP_3397,No,Chrome,Chrome,63,Windows,7
pub7Frontend,com.nbcd.Test.TCPub7Frontend_Verify_HomepageDLS_ShowName_TuneIn_NBCRESP_3434,No,Chrome,Chrome,63,Windows,7
pub7Frontend,com.nbcd.Test.TCPub7Frontend_Verify_VideosSection_Homepage_NBCRESP_3440,No,Chrome,Chrome,63,Windows,7
pub7Frontend,com.nbcd.Test.TCPub7Frontend_Verify_FeatureSection_ShowHomepage_NBCRESP_3425,No,Chrome,Chrome,63,Windows,7
pub7Frontend,com.nbcd.Test.TCPub7Frontend_Verify_ClipsSectionFirst_LateNightwithSethMeyers_NBCREP_3429,No,Chrome,Chrome,63,Windows,7
pub7Frontend,com.nbcd.Test.TCPub7Frontend_Verify_FeatureMetdata_ShowHomepage_NBCRESP_3430,No,Chrome,Chrome,63,Windows,7
pub7Frontend,com.nbcd.Test.TCPub7Frontend_Verify_NonActiveShows_AllshowsPage_NBCRESP_3424,No,Chrome,Chrome,63,Windows,7
pub7Frontend,com.nbcd.Test.TCPub7Frontend_Verify_ActiveShows_AllshowsPage_NBCRESP_3423,No,Chrome,Chrome,63,Windows,7
