URL,objdescription,objtitle,objcanonical,Schedule video home page,NBC live URL,Schedule landing page,wnbcurl,wnbc img url,kntv curl,kntv img url,kusa curl,kusa img url,knbc curl,knbc img url,wavy curl,wavy img url,wnky curl,wnky img url,wgba curl,wgba img url,knsb curl,knsb img url,kndu curl,kndu img url,menu,hgfd,Schedule menu,OptUserName,OptPassword,tvProviderOptimum
https://stage-www.nbc.com/,"Find out what&#x27;s on NBC right now, check your local listings and find out when your favorite shows air on NBC.com.",NBC Schedule - NBC.com,https://stage-www.nbc.com/schedule/,https://stage-www.nbc.com/law-and-order-special-victims-unit,https://stage-www.nbc.com/live,https://stage-www.nbc.com/schedule,https://stage-www.nbc.com/schedule?station=wnbc,nbc,https://stage-www.nbc.com/schedule?station=kntv,kntv,https://stage-www.nbc.com/schedule?station=kusa,kusa,https://stage-www.nbc.com/schedule?station=knbc,knbc,https://stage-www.nbc.com/schedule?station=wavy,wavy,https://stage-www.nbc.com/schedule?station=wnky,wnky,https://stage-www.nbc.com/schedule?station=wgba,wgba,https://stage-www.nbc.com/schedule?station=ksnb,ksnb,https://stage-www.nbc.com/schedule?station=wrc,wrc,Schedule,"expires=9999, type=free",Schedule,research39,support39,optimum
,,,,,,,,,,,,,,,,,,,,,,,,,,,,,,
1,2,3,4,5,6,7,8,9,10,11,12,13,14,15,16,17,18,19,20,21,22,23,24,25,26,27,28,29,30,31
,,,,,,,,,,,,,,,,,,,,,,,,,,,,,,
,,,,,,,,,,,,,,,,,,,,,,,,,,,,,,
,,,,,,,,,,,,,,,,,,,,,,,,,,,,,,
,,,,,,,,,,,,,,,,,,,,,,,,,,,,,,
,,,,,,,,,,,,,,,,,,,,,,,,,,,,,,
,,,,,,,,,,,,,,,,,,,,,,,,,,,,,,
,,,,,,,,,,,,,,,,,,,,,,,,,,,,,,
,,,, ,,,,,,,,,,,,,,,,,,,,,,,,,,